CREATE DATABASE  IF NOT EXISTS `maya` /*!40100 DEFAULT CHARACTER SET utf8mb4 COLLATE utf8mb4_0900_ai_ci */ /*!80016 DEFAULT ENCRYPTION='N' */;
USE `maya`;
-- MySQL dump 10.13  Distrib 8.0.40, for Win64 (x86_64)
--
-- Host: localhost    Database: maya
-- ------------------------------------------------------
-- Server version	8.0.40

/*!40101 SET @OLD_CHARACTER_SET_CLIENT=@@CHARACTER_SET_CLIENT */;
/*!40101 SET @OLD_CHARACTER_SET_RESULTS=@@CHARACTER_SET_RESULTS */;
/*!40101 SET @OLD_COLLATION_CONNECTION=@@COLLATION_CONNECTION */;
/*!50503 SET NAMES utf8 */;
/*!40103 SET @OLD_TIME_ZONE=@@TIME_ZONE */;
/*!40103 SET TIME_ZONE='+00:00' */;
/*!40014 SET @OLD_UNIQUE_CHECKS=@@UNIQUE_CHECKS, UNIQUE_CHECKS=0 */;
/*!40014 SET @OLD_FOREIGN_KEY_CHECKS=@@FOREIGN_KEY_CHECKS, FOREIGN_KEY_CHECKS=0 */;
/*!40101 SET @OLD_SQL_MODE=@@SQL_MODE, SQL_MODE='NO_AUTO_VALUE_ON_ZERO' */;
/*!40111 SET @OLD_SQL_NOTES=@@SQL_NOTES, SQL_NOTES=0 */;

--
-- Table structure for table `categoria`
--

DROP TABLE IF EXISTS `categoria`;
/*!40101 SET @saved_cs_client     = @@character_set_client */;
/*!50503 SET character_set_client = utf8mb4 */;
CREATE TABLE `categoria` (
  `categoria_id` int NOT NULL AUTO_INCREMENT,
  `nombre` varchar(255) NOT NULL,
  `descripcion` varchar(255) DEFAULT NULL,
  `descuento` int DEFAULT NULL,
  `dia_descuento` enum('LUNES','MARTES','MIERCOLES','JUEVES','VIERNES','SABADO','DOMINGO') DEFAULT NULL,
  PRIMARY KEY (`categoria_id`)
) ENGINE=InnoDB AUTO_INCREMENT=7 DEFAULT CHARSET=utf8mb4 COLLATE=utf8mb4_0900_ai_ci;
/*!40101 SET character_set_client = @saved_cs_client */;

--
-- Dumping data for table `categoria`
--

LOCK TABLES `categoria` WRITE;
/*!40000 ALTER TABLE `categoria` DISABLE KEYS */;
INSERT INTO `categoria` VALUES (5,'Cat','Cat',15,'MARTES'),(6,'Cat2','Cat2',15,'LUNES');
/*!40000 ALTER TABLE `categoria` ENABLE KEYS */;
UNLOCK TABLES;

--
-- Table structure for table `detalle_venta`
--

DROP TABLE IF EXISTS `detalle_venta`;
/*!40101 SET @saved_cs_client     = @@character_set_client */;
/*!50503 SET character_set_client = utf8mb4 */;
CREATE TABLE `detalle_venta` (
  `detalle_venta_id` int NOT NULL AUTO_INCREMENT,
  `venta_id` varchar(20) DEFAULT NULL,
  `codigo_barras` varchar(50) DEFAULT NULL,
  `cantidad` int NOT NULL,
  `precio_unitario` decimal(10,2) NOT NULL,
  `subtotal` decimal(10,2) NOT NULL,
  `descuento` decimal(10,2) DEFAULT '0.00',
  PRIMARY KEY (`detalle_venta_id`),
  KEY `venta_id` (`venta_id`),
  KEY `codigo_barras` (`codigo_barras`),
  CONSTRAINT `detalle_venta_ibfk_1` FOREIGN KEY (`venta_id`) REFERENCES `venta` (`venta_id`) ON DELETE CASCADE ON UPDATE CASCADE,
  CONSTRAINT `detalle_venta_ibfk_2` FOREIGN KEY (`codigo_barras`) REFERENCES `producto` (`codigo_barras`) ON DELETE CASCADE ON UPDATE CASCADE
) ENGINE=InnoDB AUTO_INCREMENT=965 DEFAULT CHARSET=utf8mb4 COLLATE=utf8mb4_0900_ai_ci;
/*!40101 SET character_set_client = @saved_cs_client */;

--
-- Dumping data for table `detalle_venta`
--

LOCK TABLES `detalle_venta` WRITE;
/*!40000 ALTER TABLE `detalle_venta` DISABLE KEYS */;
INSERT INTO `detalle_venta` VALUES (5,'V-1743258436591','1111',1,50.00,50.00,0.00),(6,'V-1743258519743','1111',1,50.00,50.00,0.00),(9,'V-1743269947695','1112',1,50.00,50.00,0.00),(10,'V-1743269981151','1112',1,50.00,50.00,0.00),(11,'V-1743269988237','1112',1,50.00,50.00,0.00),(12,'V-1743270128695','1111',1,50.00,50.00,0.00),(14,'V-1743270482975','1112',6,50.00,50.00,0.00),(15,'V-1743376590392','1112',5,50.00,50.00,0.00),(20,'V-1743377032223','1112',1,50.00,50.00,0.00),(21,'V-1743377044455','1112',1,50.00,50.00,0.00),(27,'V-1743452929866','1111',8,50.00,50.00,0.00),(34,'V-1743458255516','1111',8,50.00,50.00,0.00),(35,'V-1743458871595','1111',5,50.00,50.00,0.00),(36,'V-1743458871595','1112',2,50.00,50.00,0.00),(37,'V-1743530276795','1111',5,50.00,50.00,0.00),(38,'V-1743563573370','1111',5,50.00,50.00,0.00),(39,'V-1743613982632','1111',5,50.00,50.00,0.00),(40,'V-1744166587658','1111',5,50.00,50.00,0.00),(41,'V-1744166587727','1111',5,50.00,50.00,0.00),(42,'V-1744166587789','1111',5,50.00,50.00,0.00),(43,'V-1744166588647','1111',5,50.00,50.00,0.00),(44,'V-1744166588715','1111',5,50.00,50.00,0.00),(45,'V-1744166588783','1111',5,50.00,50.00,0.00),(46,'V-1744166589627','1111',5,50.00,50.00,0.00),(47,'V-1744166589700','1111',5,50.00,50.00,0.00),(48,'V-1744166589769','1111',5,50.00,50.00,0.00),(49,'V-1744166590624','1111',5,50.00,50.00,0.00),(50,'V-1744166590681','1111',5,50.00,50.00,0.00),(51,'V-1744166590751','1111',5,50.00,50.00,0.00),(52,'V-1744166591626','1111',5,50.00,50.00,0.00),(53,'V-1744166591677','1111',5,50.00,50.00,0.00),(54,'V-1744166591743','1111',5,50.00,50.00,0.00),(55,'V-1744166592623','1111',5,50.00,50.00,0.00),(56,'V-1744166592676','1111',5,50.00,50.00,0.00),(57,'V-1744166592740','1111',5,50.00,50.00,0.00),(58,'V-1744166593625','1111',5,50.00,50.00,0.00),(59,'V-1744166593676','1111',5,50.00,50.00,0.00),(60,'V-1744166593739','1111',5,50.00,50.00,0.00),(61,'V-1744166594622','1111',5,50.00,50.00,0.00),(62,'V-1744166594674','1111',5,50.00,50.00,0.00),(63,'V-1744166594737','1111',5,50.00,50.00,0.00),(64,'V-1744166595622','1111',5,50.00,50.00,0.00),(65,'V-1744166595673','1111',5,50.00,50.00,0.00),(66,'V-1744166595737','1111',5,50.00,50.00,0.00),(67,'V-1744166596622','1111',5,50.00,50.00,0.00),(68,'V-1744166596678','1111',5,50.00,50.00,0.00),(69,'V-1744166596740','1111',5,50.00,50.00,0.00),(70,'V-1744166597622','1111',5,50.00,50.00,0.00),(71,'V-1744166597676','1111',5,50.00,50.00,0.00),(72,'V-1744166597740','1111',5,50.00,50.00,0.00),(73,'V-1744166598623','1111',5,50.00,50.00,0.00),(74,'V-1744166598677','1111',5,50.00,50.00,0.00),(75,'V-1744166598741','1111',5,50.00,50.00,0.00),(76,'V-1744166599623','1111',5,50.00,50.00,0.00),(77,'V-1744166599674','1111',5,50.00,50.00,0.00),(78,'V-1744166599737','1111',5,50.00,50.00,0.00),(79,'V-1744166600622','1111',5,50.00,50.00,0.00),(80,'V-1744166600674','1111',5,50.00,50.00,0.00),(81,'V-1744166600739','1111',5,50.00,50.00,0.00),(220,'V-1744167299983','1111',5,50.00,50.00,0.00),(221,'V-1744167300054','1111',5,50.00,50.00,0.00),(222,'V-1744167300096','1111',5,50.00,50.00,0.00),(223,'V-1744167300157','1111',5,50.00,50.00,0.00),(224,'V-1744167300206','1111',5,50.00,50.00,0.00),(225,'V-1744167300972','1111',5,50.00,50.00,0.00),(226,'V-1744167301047','1111',5,50.00,50.00,0.00),(227,'V-1744167301084','1111',5,50.00,50.00,0.00),(228,'V-1744167301148','1111',5,50.00,50.00,0.00),(229,'V-1744167301198','1111',5,50.00,50.00,0.00),(230,'V-1744167301953','1111',5,50.00,50.00,0.00),(231,'V-1744167302034','1111',5,50.00,50.00,0.00),(232,'V-1744167302078','1111',5,50.00,50.00,0.00),(233,'V-1744167302145','1111',5,50.00,50.00,0.00),(234,'V-1744167302180','1111',5,50.00,50.00,0.00),(235,'V-1744167302953','1111',5,50.00,50.00,0.00),(236,'V-1744167303016','1111',5,50.00,50.00,0.00),(237,'V-1744167303066','1111',5,50.00,50.00,0.00),(238,'V-1744167303128','1111',5,50.00,50.00,0.00),(239,'V-1744167303163','1111',5,50.00,50.00,0.00),(240,'V-1744167303946','1111',5,50.00,50.00,0.00),(241,'V-1744167303998','1111',5,50.00,50.00,0.00),(242,'V-1744167304055','1111',5,50.00,50.00,0.00),(243,'V-1744167304110','1111',5,50.00,50.00,0.00),(244,'V-1744167304158','1111',5,50.00,50.00,0.00),(245,'V-1744167304931','1111',5,50.00,50.00,0.00),(246,'V-1744167304991','1111',5,50.00,50.00,0.00),(247,'V-1744167305043','1111',5,50.00,50.00,0.00),(248,'V-1744167305102','1111',5,50.00,50.00,0.00),(249,'V-1744167305157','1111',5,50.00,50.00,0.00),(250,'V-1744167305932','1111',5,50.00,50.00,0.00),(251,'V-1744167305990','1111',5,50.00,50.00,0.00),(252,'V-1744167306047','1111',5,50.00,50.00,0.00),(253,'V-1744167306102','1111',5,50.00,50.00,0.00),(254,'V-1744167306158','1111',5,50.00,50.00,0.00),(255,'V-1744167306930','1111',5,50.00,50.00,0.00),(256,'V-1744167306992','1111',5,50.00,50.00,0.00),(257,'V-1744167307043','1111',5,50.00,50.00,0.00),(258,'V-1744167307103','1111',5,50.00,50.00,0.00),(259,'V-1744167307157','1111',5,50.00,50.00,0.00),(260,'V-1744167307934','1111',5,50.00,50.00,0.00),(261,'V-1744167307993','1111',5,50.00,50.00,0.00),(262,'V-1744167308043','1111',5,50.00,50.00,0.00),(263,'V-1744167308105','1111',5,50.00,50.00,0.00),(264,'V-1744167308157','1111',5,50.00,50.00,0.00),(265,'V-1744167308931','1111',5,50.00,50.00,0.00),(266,'V-1744167308990','1111',5,50.00,50.00,0.00),(267,'V-1744167309042','1111',5,50.00,50.00,0.00),(268,'V-1744167309102','1111',5,50.00,50.00,0.00),(269,'V-1744167309156','1111',5,50.00,50.00,0.00),(270,'V-1744167309930','1111',5,50.00,50.00,0.00),(271,'V-1744167309991','1111',5,50.00,50.00,0.00),(272,'V-1744167310045','1111',5,50.00,50.00,0.00),(273,'V-1744167310103','1111',5,50.00,50.00,0.00),(274,'V-1744167310158','1111',5,50.00,50.00,0.00),(275,'V-1744167310931','1111',5,50.00,50.00,0.00),(276,'V-1744167310992','1111',5,50.00,50.00,0.00),(277,'V-1744167311046','1111',5,50.00,50.00,0.00),(278,'V-1744167311102','1111',5,50.00,50.00,0.00),(279,'V-1744167311159','1111',5,50.00,50.00,0.00),(280,'V-1744167311931','1111',5,50.00,50.00,0.00),(281,'V-1744167311992','1111',5,50.00,50.00,0.00),(282,'V-1744167312044','1111',5,50.00,50.00,0.00),(283,'V-1744167312105','1111',5,50.00,50.00,0.00),(284,'V-1744167312156','1111',5,50.00,50.00,0.00),(285,'V-1744167312931','1111',5,50.00,50.00,0.00),(286,'V-1744167312995','1111',5,50.00,50.00,0.00),(287,'V-1744167313046','1111',5,50.00,50.00,0.00),(288,'V-1744167313103','1111',5,50.00,50.00,0.00),(289,'V-1744167313157','1111',5,50.00,50.00,0.00),(290,'V-1744167313931','1111',5,50.00,50.00,0.00),(291,'V-1744167313990','1111',5,50.00,50.00,0.00),(292,'V-1744167314044','1111',5,50.00,50.00,0.00),(293,'V-1744167314103','1111',5,50.00,50.00,0.00),(294,'V-1744167314156','1111',5,50.00,50.00,0.00),(295,'V-1744167314929','1111',5,50.00,50.00,0.00),(296,'V-1744167314989','1111',5,50.00,50.00,0.00),(297,'V-1744167315043','1111',5,50.00,50.00,0.00),(298,'V-1744167315101','1111',5,50.00,50.00,0.00),(299,'V-1744167315156','1111',5,50.00,50.00,0.00),(300,'V-1744167315928','1111',5,50.00,50.00,0.00),(301,'V-1744167315991','1111',5,50.00,50.00,0.00),(302,'V-1744167316043','1111',5,50.00,50.00,0.00),(303,'V-1744167316102','1111',5,50.00,50.00,0.00),(304,'V-1744167316155','1111',5,50.00,50.00,0.00),(305,'V-1744167316928','1111',5,50.00,50.00,0.00),(306,'V-1744167316990','1111',5,50.00,50.00,0.00),(307,'V-1744167317041','1111',5,50.00,50.00,0.00),(308,'V-1744167317104','1111',5,50.00,50.00,0.00),(309,'V-1744167317155','1111',5,50.00,50.00,0.00),(310,'V-1744167317928','1111',5,50.00,50.00,0.00),(311,'V-1744167317989','1111',5,50.00,50.00,0.00),(312,'V-1744167318041','1111',5,50.00,50.00,0.00),(313,'V-1744167318103','1111',5,50.00,50.00,0.00),(314,'V-1744167318156','1111',5,50.00,50.00,0.00),(315,'V-1744167318930','1111',5,50.00,50.00,0.00),(316,'V-1744167318990','1111',5,50.00,50.00,0.00),(317,'V-1744167319043','1111',5,50.00,50.00,0.00),(318,'V-1744167319101','1111',5,50.00,50.00,0.00),(319,'V-1744167319157','1111',5,50.00,50.00,0.00),(320,'V-1744167319929','1111',5,50.00,50.00,0.00),(321,'V-1744167319990','1111',5,50.00,50.00,0.00),(322,'V-1744167320042','1111',5,50.00,50.00,0.00),(323,'V-1744167320105','1111',5,50.00,50.00,0.00),(324,'V-1744167320156','1111',5,50.00,50.00,0.00),(325,'V-1744167320928','1111',5,50.00,50.00,0.00),(326,'V-1744167320991','1111',5,50.00,50.00,0.00),(327,'V-1744167321041','1111',5,50.00,50.00,0.00),(328,'V-1744167321101','1111',5,50.00,50.00,0.00),(329,'V-1744167321156','1111',5,50.00,50.00,0.00),(330,'V-1744167321928','1111',5,50.00,50.00,0.00),(331,'V-1744167321988','1111',5,50.00,50.00,0.00),(332,'V-1744167322041','1111',5,50.00,50.00,0.00),(333,'V-1744167322102','1111',5,50.00,50.00,0.00),(334,'V-1744167322155','1111',5,50.00,50.00,0.00),(335,'V-1744167322927','1111',5,50.00,50.00,0.00),(336,'V-1744167322989','1111',5,50.00,50.00,0.00),(337,'V-1744167323041','1111',5,50.00,50.00,0.00),(338,'V-1744167323101','1111',5,50.00,50.00,0.00),(339,'V-1744167323155','1111',5,50.00,50.00,0.00),(340,'V-1744167323929','1111',5,50.00,50.00,0.00),(341,'V-1744167323993','1111',5,50.00,50.00,0.00),(342,'V-1744167324042','1111',5,50.00,50.00,0.00),(343,'V-1744167324101','1111',5,50.00,50.00,0.00),(344,'V-1744167324155','1111',5,50.00,50.00,0.00),(345,'V-1744167324927','1111',5,50.00,50.00,0.00),(346,'V-1744167324989','1111',5,50.00,50.00,0.00),(347,'V-1744167325042','1111',5,50.00,50.00,0.00),(348,'V-1744167325101','1111',5,50.00,50.00,0.00),(349,'V-1744167325155','1111',5,50.00,50.00,0.00),(350,'V-1744167325927','1111',5,50.00,50.00,0.00),(351,'V-1744167325990','1111',5,50.00,50.00,0.00),(352,'V-1744167326041','1111',5,50.00,50.00,0.00),(353,'V-1744167326100','1111',5,50.00,50.00,0.00),(354,'V-1744167326155','1111',5,50.00,50.00,0.00),(355,'V-1744167326928','1111',5,50.00,50.00,0.00),(356,'V-1744167326989','1111',5,50.00,50.00,0.00),(357,'V-1744167327043','1111',5,50.00,50.00,0.00),(358,'V-1744167327104','1111',5,50.00,50.00,0.00),(359,'V-1744167327156','1111',5,50.00,50.00,0.00),(360,'V-1744167327929','1111',5,50.00,50.00,0.00),(361,'V-1744167327990','1111',5,50.00,50.00,0.00),(362,'V-1744167328042','1111',5,50.00,50.00,0.00),(363,'V-1744167328101','1111',5,50.00,50.00,0.00),(364,'V-1744167328169','1111',5,50.00,50.00,0.00),(365,'V-1744167328928','1111',5,50.00,50.00,0.00),(366,'V-1744167328988','1111',5,50.00,50.00,0.00),(367,'V-1744167329041','1111',5,50.00,50.00,0.00),(368,'V-1744167329100','1111',5,50.00,50.00,0.00),(369,'V-1744167329157','1111',5,50.00,50.00,0.00),(370,'V-1744167329928','1111',5,50.00,50.00,0.00),(371,'V-1744167329990','1111',5,50.00,50.00,0.00),(372,'V-1744167330041','1111',5,50.00,50.00,0.00),(373,'V-1744167330101','1111',5,50.00,50.00,0.00),(374,'V-1744167330156','1111',5,50.00,50.00,0.00),(375,'V-1744167330928','1111',5,50.00,50.00,0.00),(376,'V-1744167330989','1111',5,50.00,50.00,0.00),(377,'V-1744167331042','1111',5,50.00,50.00,0.00),(378,'V-1744167331100','1111',5,50.00,50.00,0.00),(379,'V-1744167331155','1111',5,50.00,50.00,0.00),(380,'V-1744167331929','1111',5,50.00,50.00,0.00),(381,'V-1744167331991','1111',5,50.00,50.00,0.00),(382,'V-1744167332042','1111',5,50.00,50.00,0.00),(383,'V-1744167332101','1111',5,50.00,50.00,0.00),(384,'V-1744167332156','1111',5,50.00,50.00,0.00),(385,'V-1744167332928','1111',5,50.00,50.00,0.00),(386,'V-1744167332989','1111',5,50.00,50.00,0.00),(387,'V-1744167333043','1111',5,50.00,50.00,0.00),(388,'V-1744167333101','1111',5,50.00,50.00,0.00),(389,'V-1744167333156','1111',5,50.00,50.00,0.00),(390,'V-1744167333928','1111',5,50.00,50.00,0.00),(391,'V-1744167333989','1111',5,50.00,50.00,0.00),(392,'V-1744167334042','1111',5,50.00,50.00,0.00),(393,'V-1744167334100','1111',5,50.00,50.00,0.00),(394,'V-1744167334155','1111',5,50.00,50.00,0.00),(395,'V-1744167334927','1111',5,50.00,50.00,0.00),(396,'V-1744167334989','1111',5,50.00,50.00,0.00),(397,'V-1744167335041','1111',5,50.00,50.00,0.00),(398,'V-1744167335101','1111',5,50.00,50.00,0.00),(399,'V-1744167335155','1111',5,50.00,50.00,0.00),(400,'V-1744167335927','1111',5,50.00,50.00,0.00),(401,'V-1744167335990','1111',5,50.00,50.00,0.00),(402,'V-1744167336041','1111',5,50.00,50.00,0.00),(403,'V-1744167336100','1111',5,50.00,50.00,0.00),(404,'V-1744167336155','1111',5,50.00,50.00,0.00),(405,'V-1744167336928','1111',5,50.00,50.00,0.00),(406,'V-1744167336989','1111',5,50.00,50.00,0.00),(407,'V-1744167337041','1111',5,50.00,50.00,0.00),(408,'V-1744167337101','1111',5,50.00,50.00,0.00),(409,'V-1744167337155','1111',5,50.00,50.00,0.00),(410,'V-1744167337928','1111',5,50.00,50.00,0.00),(411,'V-1744167337989','1111',5,50.00,50.00,0.00),(412,'V-1744167338041','1111',5,50.00,50.00,0.00),(413,'V-1744167338100','1111',5,50.00,50.00,0.00),(414,'V-1744167338155','1111',5,50.00,50.00,0.00),(415,'V-1744167338928','1111',5,50.00,50.00,0.00),(416,'V-1744167338989','1111',5,50.00,50.00,0.00),(417,'V-1744167339041','1111',5,50.00,50.00,0.00),(418,'V-1744167339101','1111',5,50.00,50.00,0.00),(419,'V-1744167339155','1111',5,50.00,50.00,0.00),(420,'V-1744167339929','1111',5,50.00,50.00,0.00),(421,'V-1744167339991','1111',5,50.00,50.00,0.00),(422,'V-1744167340042','1111',5,50.00,50.00,0.00),(423,'V-1744167340100','1111',5,50.00,50.00,0.00),(424,'V-1744167340155','1111',5,50.00,50.00,0.00),(425,'V-1744167340933','1111',5,50.00,50.00,0.00),(426,'V-1744167340989','1111',5,50.00,50.00,0.00),(427,'V-1744167341041','1111',5,50.00,50.00,0.00),(428,'V-1744167341101','1111',5,50.00,50.00,0.00),(429,'V-1744167341155','1111',5,50.00,50.00,0.00),(430,'V-1744167341928','1111',5,50.00,50.00,0.00),(431,'V-1744167341990','1111',5,50.00,50.00,0.00),(432,'V-1744167342042','1111',5,50.00,50.00,0.00),(433,'V-1744167342101','1111',5,50.00,50.00,0.00),(434,'V-1744167342155','1111',5,50.00,50.00,0.00),(435,'V-1744167342928','1111',5,50.00,50.00,0.00),(436,'V-1744167342989','1111',5,50.00,50.00,0.00),(437,'V-1744167343041','1111',5,50.00,50.00,0.00),(438,'V-1744167343100','1111',5,50.00,50.00,0.00),(439,'V-1744167343155','1111',5,50.00,50.00,0.00),(440,'V-1744167343929','1111',5,50.00,50.00,0.00),(441,'V-1744167343991','1111',5,50.00,50.00,0.00),(442,'V-1744167344041','1111',5,50.00,50.00,0.00),(443,'V-1744167344102','1111',5,50.00,50.00,0.00),(444,'V-1744167344155','1111',5,50.00,50.00,0.00),(445,'V-1744167344928','1111',5,50.00,50.00,0.00),(446,'V-1744167344990','1111',5,50.00,50.00,0.00),(447,'V-1744167345042','1111',5,50.00,50.00,0.00),(448,'V-1744167345100','1111',5,50.00,50.00,0.00),(449,'V-1744167345156','1111',5,50.00,50.00,0.00),(450,'V-1744167345931','1111',5,50.00,50.00,0.00),(451,'V-1744167345993','1111',5,50.00,50.00,0.00),(452,'V-1744167346044','1111',5,50.00,50.00,0.00),(453,'V-1744167346102','1111',5,50.00,50.00,0.00),(454,'V-1744167346156','1111',5,50.00,50.00,0.00),(455,'V-1744167346928','1111',5,50.00,50.00,0.00),(456,'V-1744167346989','1111',5,50.00,50.00,0.00),(457,'V-1744167347043','1111',5,50.00,50.00,0.00),(458,'V-1744167347100','1111',5,50.00,50.00,0.00),(459,'V-1744167347155','1111',5,50.00,50.00,0.00),(460,'V-1744167347930','1111',5,50.00,50.00,0.00),(461,'V-1744167347991','1111',5,50.00,50.00,0.00),(462,'V-1744167348043','1111',5,50.00,50.00,0.00),(463,'V-1744167348101','1111',5,50.00,50.00,0.00),(464,'V-1744167348157','1111',5,50.00,50.00,0.00),(465,'V-1744167348929','1111',5,50.00,50.00,0.00),(466,'V-1744167348994','1111',5,50.00,50.00,0.00),(467,'V-1744167349042','1111',5,50.00,50.00,0.00),(468,'V-1744167349101','1111',5,50.00,50.00,0.00),(469,'V-1744167349155','1111',5,50.00,50.00,0.00),(470,'V-1744167349929','1111',5,50.00,50.00,0.00),(471,'V-1744167349989','1111',5,50.00,50.00,0.00),(472,'V-1744167350041','1111',5,50.00,50.00,0.00),(473,'V-1744167350100','1111',5,50.00,50.00,0.00),(474,'V-1744167350155','1111',5,50.00,50.00,0.00),(475,'V-1744167350930','1111',5,50.00,50.00,0.00),(476,'V-1744167350991','1111',5,50.00,50.00,0.00),(477,'V-1744167351043','1111',5,50.00,50.00,0.00),(478,'V-1744167351102','1111',5,50.00,50.00,0.00),(479,'V-1744167351159','1111',5,50.00,50.00,0.00),(480,'V-1744167351929','1111',5,50.00,50.00,0.00),(481,'V-1744167351991','1111',5,50.00,50.00,0.00),(482,'V-1744167352043','1111',5,50.00,50.00,0.00),(483,'V-1744167352103','1111',5,50.00,50.00,0.00),(484,'V-1744167352157','1111',5,50.00,50.00,0.00),(485,'V-1744167352930','1111',5,50.00,50.00,0.00),(486,'V-1744167352991','1111',5,50.00,50.00,0.00),(487,'V-1744167353044','1111',5,50.00,50.00,0.00),(488,'V-1744167353103','1111',5,50.00,50.00,0.00),(489,'V-1744167353156','1111',5,50.00,50.00,0.00),(490,'V-1744167353929','1111',5,50.00,50.00,0.00),(491,'V-1744167353990','1111',5,50.00,50.00,0.00),(492,'V-1744167354042','1111',5,50.00,50.00,0.00),(493,'V-1744167354102','1111',5,50.00,50.00,0.00),(494,'V-1744167354157','1111',5,50.00,50.00,0.00),(495,'V-1744167354930','1111',5,50.00,50.00,0.00),(496,'V-1744167354990','1111',5,50.00,50.00,0.00),(497,'V-1744167355042','1111',5,50.00,50.00,0.00),(498,'V-1744167355102','1111',5,50.00,50.00,0.00),(499,'V-1744167355158','1111',5,50.00,50.00,0.00),(500,'V-1744167355927','1111',5,50.00,50.00,0.00),(501,'V-1744167355988','1111',5,50.00,50.00,0.00),(502,'V-1744167356041','1111',5,50.00,50.00,0.00),(503,'V-1744167356101','1111',5,50.00,50.00,0.00),(504,'V-1744167356156','1111',5,50.00,50.00,0.00),(505,'V-1744167356929','1111',5,50.00,50.00,0.00),(506,'V-1744167356990','1111',5,50.00,50.00,0.00),(507,'V-1744167357043','1111',5,50.00,50.00,0.00),(508,'V-1744167357101','1111',5,50.00,50.00,0.00),(509,'V-1744167357156','1111',5,50.00,50.00,0.00),(510,'V-1744167357931','1111',5,50.00,50.00,0.00),(511,'V-1744167357989','1111',5,50.00,50.00,0.00),(512,'V-1744167358041','1111',5,50.00,50.00,0.00),(513,'V-1744167358101','1111',5,50.00,50.00,0.00),(514,'V-1744167358156','1111',5,50.00,50.00,0.00),(515,'V-1744167358929','1111',5,50.00,50.00,0.00),(516,'V-1744167358990','1111',5,50.00,50.00,0.00),(517,'V-1744167359042','1111',5,50.00,50.00,0.00),(518,'V-1744167359102','1111',5,50.00,50.00,0.00),(519,'V-1744167359156','1111',5,50.00,50.00,0.00),(520,'V-1744167470503','1111',1,50.00,50.00,0.00),(521,'V-1744218769398','1111',1,50.00,50.00,0.00),(522,'V-1744218769398','1112',1,7.00,77.00,77.00),(833,'V-1744219545849','1111',10,50.00,50.00,0.00),(834,'V-1744219545849','1112',1,7.00,77.00,7.00),(835,'V-1744219547652','1111',10,50.00,50.00,0.00),(836,'V-1744219547652','1112',1,7.00,77.00,7.00),(837,'V-1744219547763','1111',10,50.00,50.00,0.00),(838,'V-1744219547763','1112',1,7.00,77.00,7.00),(839,'V-1744219547875','1111',10,50.00,50.00,0.00),(840,'V-1744219547875','1112',1,7.00,77.00,7.00),(841,'V-1744219548711','1111',10,50.00,50.00,0.00),(842,'V-1744219548711','1112',1,7.00,77.00,7.00),(843,'V-1744219549820','1111',10,50.00,50.00,0.00),(844,'V-1744219549820','1112',1,7.00,77.00,7.00),(845,'V-1744219549874','1111',10,50.00,50.00,0.00),(846,'V-1744219549874','1112',1,7.00,77.00,7.00),(847,'V-1744219552710','1111',10,50.00,50.00,0.00),(848,'V-1744219552710','1112',1,7.00,77.00,7.00),(849,'V-1744219553647','1111',10,50.00,50.00,0.00),(850,'V-1744219553647','1112',1,7.00,77.00,7.00),(851,'V-1744219554821','1111',10,50.00,50.00,0.00),(852,'V-1744219554821','1112',1,7.00,77.00,7.00),(853,'V-1744219557647','1111',10,50.00,50.00,0.00),(854,'V-1744219557647','1112',1,7.00,77.00,7.00),(855,'V-1744219557710','1111',10,50.00,50.00,0.00),(856,'V-1744219557710','1112',1,7.00,77.00,7.00),(857,'V-1744219558820','1111',10,50.00,50.00,0.00),(858,'V-1744219558820','1112',1,7.00,77.00,7.00),(859,'V-1744219559759','1111',10,50.00,50.00,0.00),(860,'V-1744219559759','1112',1,7.00,77.00,7.00),(861,'V-1744219559821','1111',10,50.00,50.00,0.00),(862,'V-1744219559821','1112',1,7.00,77.00,7.00),(863,'V-1744219560820','1111',10,50.00,50.00,0.00),(864,'V-1744219560820','1112',1,7.00,77.00,7.00),(865,'V-1744219561646','1111',10,50.00,50.00,0.00),(866,'V-1744219561646','1112',1,7.00,77.00,7.00),(867,'V-1744219561821','1111',10,50.00,50.00,0.00),(868,'V-1744219561821','1112',1,7.00,77.00,7.00),(869,'V-1744219564646','1111',10,50.00,50.00,0.00),(870,'V-1744219564646','1112',1,7.00,77.00,7.00),(871,'V-1744219564820','1111',10,50.00,50.00,0.00),(872,'V-1744219564820','1112',1,7.00,77.00,7.00),(873,'V-1744219565709','1111',10,50.00,50.00,0.00),(874,'V-1744219565709','1112',1,7.00,77.00,7.00),(875,'V-1744219566646','1111',10,50.00,50.00,0.00),(876,'V-1744219566646','1112',1,7.00,77.00,7.00),(877,'V-1744219567758','1111',10,50.00,50.00,0.00),(878,'V-1744219567758','1112',1,7.00,77.00,7.00),(879,'V-1744219567873','1111',10,50.00,50.00,0.00),(880,'V-1744219567873','1112',1,7.00,77.00,7.00),(881,'V-1744219568653','1111',10,50.00,50.00,0.00),(882,'V-1744219568653','1112',1,7.00,77.00,7.00),(883,'V-1744219568873','1111',10,50.00,50.00,0.00),(884,'V-1744219568873','1112',1,7.00,77.00,7.00),(885,'V-1744219569709','1111',10,50.00,50.00,0.00),(886,'V-1744219569709','1112',1,7.00,77.00,7.00),(887,'V-1744219573820','1111',10,50.00,50.00,0.00),(888,'V-1744219573820','1112',1,7.00,77.00,7.00),(889,'V-1744219573889','1111',10,50.00,50.00,0.00),(890,'V-1744219573889','1112',1,7.00,77.00,7.00),(891,'V-1744219575708','1111',10,50.00,50.00,0.00),(892,'V-1744219575708','1112',1,7.00,77.00,7.00),(893,'V-1744219576645','1111',10,50.00,50.00,0.00),(894,'V-1744219576645','1112',1,7.00,77.00,7.00),(895,'V-1744219576759','1111',10,50.00,50.00,0.00),(896,'V-1744219576759','1112',1,7.00,77.00,7.00),(897,'V-1744219579645','1111',10,50.00,50.00,0.00),(898,'V-1744219579645','1112',1,7.00,77.00,7.00),(899,'V-1744219579820','1111',10,50.00,50.00,0.00),(900,'V-1744219579820','1112',1,7.00,77.00,7.00),(901,'V-1744219580820','1111',10,50.00,50.00,0.00),(902,'V-1744219580820','1112',1,7.00,77.00,7.00),(903,'V-1744219581708','1111',10,50.00,50.00,0.00),(904,'V-1744219581708','1112',1,7.00,77.00,7.00),(905,'V-1744219582646','1111',10,50.00,50.00,0.00),(906,'V-1744219582646','1112',1,7.00,77.00,7.00),(907,'V-1744219583873','1111',10,50.00,50.00,0.00),(908,'V-1744219583873','1112',1,7.00,77.00,7.00),(909,'V-1744219584646','1111',10,50.00,50.00,0.00),(910,'V-1744219584646','1112',1,7.00,77.00,7.00),(911,'V-1744219584708','1111',10,50.00,50.00,0.00),(912,'V-1744219584708','1112',1,7.00,77.00,7.00),(913,'V-1744219584759','1111',10,50.00,50.00,0.00),(914,'V-1744219584759','1112',1,7.00,77.00,7.00),(915,'V-1744219585873','1111',10,50.00,50.00,0.00),(916,'V-1744219585873','1112',1,7.00,77.00,7.00),(917,'V-1744219589708','1111',10,50.00,50.00,0.00),(918,'V-1744219589708','1112',1,7.00,77.00,7.00),(919,'V-1744219589759','1111',10,50.00,50.00,0.00),(920,'V-1744219589759','1112',1,7.00,77.00,7.00),(921,'V-1744219589821','1111',10,50.00,50.00,0.00),(922,'V-1744219589821','1112',1,7.00,77.00,7.00),(923,'V-1744219591820','1111',10,50.00,50.00,0.00),(924,'V-1744219591820','1112',1,7.00,77.00,7.00),(925,'V-1744219592708','1111',10,50.00,50.00,0.00),(926,'V-1744219592708','1112',1,7.00,77.00,7.00),(927,'V-1744219592873','1111',10,50.00,50.00,0.00),(928,'V-1744219592873','1112',1,7.00,77.00,7.00),(929,'V-1744219593820','1111',10,50.00,50.00,0.00),(930,'V-1744219593820','1112',1,7.00,77.00,7.00),(931,'V-1744219594820','1111',10,50.00,50.00,0.00),(932,'V-1744219594820','1112',1,7.00,77.00,7.00),(933,'V-1744219594872','1111',10,50.00,50.00,0.00),(934,'V-1744219594872','1112',1,7.00,77.00,7.00),(935,'V-1744219596645','1111',10,50.00,50.00,0.00),(936,'V-1744219596645','1112',1,7.00,77.00,7.00),(937,'V-1744219598645','1111',10,50.00,50.00,0.00),(938,'V-1744219598645','1112',1,7.00,77.00,7.00),(939,'V-1744219598709','1111',10,50.00,50.00,0.00),(940,'V-1744219598709','1112',1,7.00,77.00,7.00),(941,'V-1744219598820','1111',10,50.00,50.00,0.00),(942,'V-1744219598820','1112',1,7.00,77.00,7.00),(943,'V-1744219599645','1111',10,50.00,50.00,0.00),(944,'V-1744219599645','1112',1,7.00,77.00,7.00),(945,'V-1744219600645','1111',10,50.00,50.00,0.00),(946,'V-1744219600645','1112',1,7.00,77.00,7.00),(947,'V-1744219600708','1111',10,50.00,50.00,0.00),(948,'V-1744219600708','1112',1,7.00,77.00,7.00),(949,'V-1744219601645','1111',10,50.00,50.00,0.00),(950,'V-1744219601645','1112',1,7.00,77.00,7.00),(951,'V-1744219602645','1111',10,50.00,50.00,0.00),(952,'V-1744219602645','1112',1,7.00,77.00,7.00),(953,'V-1744219602820','1111',10,50.00,50.00,0.00),(954,'V-1744219602820','1112',1,7.00,77.00,7.00),(955,'V-1744219602875','1111',10,50.00,50.00,0.00),(956,'V-1744219602875','1112',1,7.00,77.00,7.00),(957,'V-1744219603645','1111',10,50.00,50.00,0.00),(958,'V-1744219603645','1112',1,7.00,77.00,7.00),(959,'V-1744219603749','1111',10,50.00,50.00,0.00),(960,'V-1744219603749','1112',1,7.00,77.00,7.00),(961,'V-1744219604759','1111',10,50.00,50.00,0.00),(962,'V-1744219604759','1112',1,7.00,77.00,7.00),(963,'V-1744219604820','1111',10,50.00,50.00,0.00),(964,'V-1744219604820','1112',1,7.00,77.00,7.00);
/*!40000 ALTER TABLE `detalle_venta` ENABLE KEYS */;
UNLOCK TABLES;

--
-- Table structure for table `inventario`
--

DROP TABLE IF EXISTS `inventario`;
/*!40101 SET @saved_cs_client     = @@character_set_client */;
/*!50503 SET character_set_client = utf8mb4 */;
CREATE TABLE `inventario` (
  `inventario_id` int NOT NULL AUTO_INCREMENT,
  `sucursal_id` varchar(10) DEFAULT NULL,
  `fecha_creacion` datetime DEFAULT CURRENT_TIMESTAMP,
  PRIMARY KEY (`inventario_id`),
  KEY `sucursal_id` (`sucursal_id`),
  CONSTRAINT `inventario_ibfk_1` FOREIGN KEY (`sucursal_id`) REFERENCES `sucursal` (`sucursal_id`) ON DELETE CASCADE ON UPDATE CASCADE
) ENGINE=InnoDB AUTO_INCREMENT=8 DEFAULT CHARSET=utf8mb4 COLLATE=utf8mb4_0900_ai_ci;
/*!40101 SET character_set_client = @saved_cs_client */;

--
-- Dumping data for table `inventario`
--

LOCK TABLES `inventario` WRITE;
/*!40000 ALTER TABLE `inventario` DISABLE KEYS */;
INSERT INTO `inventario` VALUES (5,'MY1','2025-03-26 23:09:04'),(6,'MY2','2025-03-26 23:10:53'),(7,'MY3','2025-03-27 17:13:36');
/*!40000 ALTER TABLE `inventario` ENABLE KEYS */;
UNLOCK TABLES;

--
-- Table structure for table `movimiento_inventario`
--

DROP TABLE IF EXISTS `movimiento_inventario`;
/*!40101 SET @saved_cs_client     = @@character_set_client */;
/*!50503 SET character_set_client = utf8mb4 */;
CREATE TABLE `movimiento_inventario` (
  `movimiento_id` int NOT NULL AUTO_INCREMENT,
  `producto_inventario_id` int DEFAULT NULL,
  `tipo_movimiento_id` int DEFAULT NULL,
  `cantidad` int NOT NULL,
  `fecha_movimiento` datetime DEFAULT CURRENT_TIMESTAMP,
  `referencia` varchar(255) DEFAULT NULL,
  `observaciones` varchar(255) DEFAULT NULL,
  PRIMARY KEY (`movimiento_id`),
  KEY `producto_inventario_id` (`producto_inventario_id`),
  KEY `tipo_movimiento_id` (`tipo_movimiento_id`),
  CONSTRAINT `movimiento_inventario_ibfk_1` FOREIGN KEY (`producto_inventario_id`) REFERENCES `producto_inventario` (`producto_inventario_id`) ON DELETE CASCADE ON UPDATE CASCADE,
  CONSTRAINT `movimiento_inventario_ibfk_2` FOREIGN KEY (`tipo_movimiento_id`) REFERENCES `tipo_movimiento` (`tipo_movimiento_id`) ON DELETE CASCADE ON UPDATE CASCADE
) ENGINE=InnoDB AUTO_INCREMENT=922 DEFAULT CHARSET=utf8mb4 COLLATE=utf8mb4_0900_ai_ci;
/*!40101 SET character_set_client = @saved_cs_client */;

--
-- Dumping data for table `movimiento_inventario`
--

LOCK TABLES `movimiento_inventario` WRITE;
/*!40000 ALTER TABLE `movimiento_inventario` DISABLE KEYS */;
INSERT INTO `movimiento_inventario` VALUES (2,25,4,7,'2025-03-30 04:28:29','Reabastecimiento de inventario','Lote: LOTE-2023-007'),(3,25,4,2,'2025-03-30 04:29:07','Reabastecimiento de inventario','Lote: LOTE-2023-007'),(4,24,4,4,'2025-03-30 23:15:27','Reabastecimiento de inventario','Lote: LOTE-2023-007'),(5,23,4,20,'2025-03-30 23:23:37','Reabastecimiento de inventario','Lote: LOTE-2023-007'),(6,20,4,20,'2025-03-31 02:48:26','Reabastecimiento de inventario','Lote: LOTE-2023-006'),(9,20,4,8,'2025-03-31 20:29:10','Reabastecimiento de inventario','Lote: LOTE-2023-006'),(13,20,5,8,'2025-03-31 21:57:35','LOTE-2023-006','Venta de productos'),(14,20,5,5,'2025-03-31 22:07:51','LOTE-2023-006','Venta de productos'),(15,21,5,2,'2025-03-31 22:07:51','LOTE-2023-007','Venta de productos'),(16,20,4,5,'2025-04-01 17:57:33','Reabastecimiento de inventario','Lote: LOTE-2023-006'),(17,20,5,5,'2025-04-01 17:57:56','LOTE-2023-006','Venta de productos'),(18,20,5,5,'2025-04-02 03:12:53','LOTE-2023-006','Venta de productos'),(19,20,6,5,'2025-04-02 03:22:55','VENTA_ANULADA_V-1743563573370','Reintegro por anulación de venta'),(20,20,5,5,'2025-04-02 17:13:02','LOTE-2023-006','Venta de productos'),(21,20,6,5,'2025-04-02 17:13:32','VENTA_ANULADA_V-1743613982632','Reintegro por anulación de venta'),(22,20,4,5,'2025-04-02 17:39:24','Reabastecimiento de inventario','Lote: LOTE-2023-006'),(31,20,4,5,'2025-04-03 21:42:16','Ajuste manual','Ajuste positivo: +5 unidades | Lote: LOTE-2023-006'),(34,20,4,30,'2025-04-03 22:16:52','Ajuste de inventario mensual','Actualización: {\"cambios\":{\"lote\":\"LOTE-2024-05\",\"existencias\":50,\"fecha_caducidad\":\"2024-12-31\",\"ubicacion\":\"ANAQUEL-B-12\"},\"anterior\":{\"existencias\":20,\"lote\":\"LOTE-2023-006\",\"fecha_caducidad\":\"2024-12-31T00:00:00.000Z\"}}'),(39,20,4,50,'2025-04-03 22:45:24','Múltiples productos ingresados','Lote: LOTE-2023-006'),(40,21,4,30,'2025-04-03 22:45:24','Múltiples productos ingresados','Lote: LOTE-2023-007'),(42,34,4,10,'2025-04-03 23:12:05','Múltiples productos ingresados','Lote: LOTE-2023-006'),(43,35,4,4,'2025-04-03 23:12:05','Múltiples productos ingresados','Lote: LOTE-2023-007'),(45,20,7,25,'2025-04-07 02:38:20','Actualización en la información del producto','LOTE-2023-006'),(46,20,7,50,'2025-04-07 02:39:46','LOTE-2023-006','Actualización en la información del producto'),(47,20,7,45,'2025-04-09 02:37:47','LOTE-2023-006','Actualización en la información del producto'),(48,20,5,5,'2025-04-09 02:43:07','LOTE-2023-006','Venta de productos'),(49,20,5,5,'2025-04-09 02:43:07','LOTE-2023-006','Venta de productos'),(50,20,5,5,'2025-04-09 02:43:07','LOTE-2023-006','Venta de productos'),(51,20,5,5,'2025-04-09 02:43:08','LOTE-2023-006','Venta de productos'),(52,20,5,5,'2025-04-09 02:43:08','LOTE-2023-006','Venta de productos'),(53,20,5,5,'2025-04-09 02:43:08','LOTE-2023-006','Venta de productos'),(54,20,5,5,'2025-04-09 02:43:09','LOTE-2023-006','Venta de productos'),(55,20,5,5,'2025-04-09 02:43:09','LOTE-2023-006','Venta de productos'),(56,20,5,5,'2025-04-09 02:43:09','LOTE-2023-006','Venta de productos'),(57,20,5,5,'2025-04-09 02:43:10','LOTE-2023-006','Venta de productos'),(58,20,5,5,'2025-04-09 02:43:10','LOTE-2023-006','Venta de productos'),(59,20,5,5,'2025-04-09 02:43:10','LOTE-2023-006','Venta de productos'),(60,20,5,5,'2025-04-09 02:43:11','LOTE-2023-006','Venta de productos'),(61,20,5,5,'2025-04-09 02:43:11','LOTE-2023-006','Venta de productos'),(62,20,5,5,'2025-04-09 02:43:11','LOTE-2023-006','Venta de productos'),(63,20,5,5,'2025-04-09 02:43:12','LOTE-2023-006','Venta de productos'),(64,20,5,5,'2025-04-09 02:43:12','LOTE-2023-006','Venta de productos'),(65,20,5,5,'2025-04-09 02:43:12','LOTE-2023-006','Venta de productos'),(66,20,5,5,'2025-04-09 02:43:13','LOTE-2023-006','Venta de productos'),(67,20,5,5,'2025-04-09 02:43:13','LOTE-2023-006','Venta de productos'),(68,20,5,5,'2025-04-09 02:43:13','LOTE-2023-006','Venta de productos'),(69,20,5,5,'2025-04-09 02:43:14','LOTE-2023-006','Venta de productos'),(70,20,5,5,'2025-04-09 02:43:14','LOTE-2023-006','Venta de productos'),(71,20,5,5,'2025-04-09 02:43:14','LOTE-2023-006','Venta de productos'),(72,20,5,5,'2025-04-09 02:43:15','LOTE-2023-006','Venta de productos'),(73,20,5,5,'2025-04-09 02:43:15','LOTE-2023-006','Venta de productos'),(74,20,5,5,'2025-04-09 02:43:15','LOTE-2023-006','Venta de productos'),(75,20,5,5,'2025-04-09 02:43:16','LOTE-2023-006','Venta de productos'),(76,20,5,5,'2025-04-09 02:43:16','LOTE-2023-006','Venta de productos'),(77,20,5,5,'2025-04-09 02:43:16','LOTE-2023-006','Venta de productos'),(78,20,5,5,'2025-04-09 02:43:17','LOTE-2023-006','Venta de productos'),(79,20,5,5,'2025-04-09 02:43:17','LOTE-2023-006','Venta de productos'),(80,20,5,5,'2025-04-09 02:43:17','LOTE-2023-006','Venta de productos'),(81,20,5,5,'2025-04-09 02:43:18','LOTE-2023-006','Venta de productos'),(82,20,5,5,'2025-04-09 02:43:18','LOTE-2023-006','Venta de productos'),(83,20,5,5,'2025-04-09 02:43:18','LOTE-2023-006','Venta de productos'),(84,20,5,5,'2025-04-09 02:43:19','LOTE-2023-006','Venta de productos'),(85,20,5,5,'2025-04-09 02:43:19','LOTE-2023-006','Venta de productos'),(86,20,5,5,'2025-04-09 02:43:19','LOTE-2023-006','Venta de productos'),(87,20,5,5,'2025-04-09 02:43:20','LOTE-2023-006','Venta de productos'),(88,20,5,5,'2025-04-09 02:43:20','LOTE-2023-006','Venta de productos'),(89,20,5,5,'2025-04-09 02:43:20','LOTE-2023-006','Venta de productos'),(90,20,7,0,'2025-04-09 02:50:19','LOTE-2023-006','Actualización en la información del producto'),(91,20,7,1200,'2025-04-09 02:52:32','LOTE-2023-006','Actualización en la información del producto'),(92,20,5,5,'2025-04-09 02:55:00','LOTE-2023-006','Venta de productos'),(93,20,5,5,'2025-04-09 02:55:00','LOTE-2023-006','Venta de productos'),(94,20,5,5,'2025-04-09 02:55:00','LOTE-2023-006','Venta de productos'),(95,20,5,5,'2025-04-09 02:55:00','LOTE-2023-006','Venta de productos'),(96,20,5,5,'2025-04-09 02:55:00','LOTE-2023-006','Venta de productos'),(97,20,5,5,'2025-04-09 02:55:00','LOTE-2023-006','Venta de productos'),(98,20,5,5,'2025-04-09 02:55:01','LOTE-2023-006','Venta de productos'),(99,20,5,5,'2025-04-09 02:55:01','LOTE-2023-006','Venta de productos'),(100,20,5,5,'2025-04-09 02:55:01','LOTE-2023-006','Venta de productos'),(101,20,5,5,'2025-04-09 02:55:01','LOTE-2023-006','Venta de productos'),(102,20,5,5,'2025-04-09 02:55:01','LOTE-2023-006','Venta de productos'),(103,20,5,5,'2025-04-09 02:55:02','LOTE-2023-006','Venta de productos'),(104,20,5,5,'2025-04-09 02:55:02','LOTE-2023-006','Venta de productos'),(105,20,5,5,'2025-04-09 02:55:02','LOTE-2023-006','Venta de productos'),(106,20,5,5,'2025-04-09 02:55:02','LOTE-2023-006','Venta de productos'),(107,20,5,5,'2025-04-09 02:55:02','LOTE-2023-006','Venta de productos'),(108,20,5,5,'2025-04-09 02:55:03','LOTE-2023-006','Venta de productos'),(109,20,5,5,'2025-04-09 02:55:03','LOTE-2023-006','Venta de productos'),(110,20,5,5,'2025-04-09 02:55:03','LOTE-2023-006','Venta de productos'),(111,20,5,5,'2025-04-09 02:55:03','LOTE-2023-006','Venta de productos'),(112,20,5,5,'2025-04-09 02:55:03','LOTE-2023-006','Venta de productos'),(113,20,5,5,'2025-04-09 02:55:04','LOTE-2023-006','Venta de productos'),(114,20,5,5,'2025-04-09 02:55:04','LOTE-2023-006','Venta de productos'),(115,20,5,5,'2025-04-09 02:55:04','LOTE-2023-006','Venta de productos'),(116,20,5,5,'2025-04-09 02:55:04','LOTE-2023-006','Venta de productos'),(117,20,5,5,'2025-04-09 02:55:04','LOTE-2023-006','Venta de productos'),(118,20,5,5,'2025-04-09 02:55:05','LOTE-2023-006','Venta de productos'),(119,20,5,5,'2025-04-09 02:55:05','LOTE-2023-006','Venta de productos'),(120,20,5,5,'2025-04-09 02:55:05','LOTE-2023-006','Venta de productos'),(121,20,5,5,'2025-04-09 02:55:05','LOTE-2023-006','Venta de productos'),(122,20,5,5,'2025-04-09 02:55:05','LOTE-2023-006','Venta de productos'),(123,20,5,5,'2025-04-09 02:55:06','LOTE-2023-006','Venta de productos'),(124,20,5,5,'2025-04-09 02:55:06','LOTE-2023-006','Venta de productos'),(125,20,5,5,'2025-04-09 02:55:06','LOTE-2023-006','Venta de productos'),(126,20,5,5,'2025-04-09 02:55:06','LOTE-2023-006','Venta de productos'),(127,20,5,5,'2025-04-09 02:55:06','LOTE-2023-006','Venta de productos'),(128,20,5,5,'2025-04-09 02:55:07','LOTE-2023-006','Venta de productos'),(129,20,5,5,'2025-04-09 02:55:07','LOTE-2023-006','Venta de productos'),(130,20,5,5,'2025-04-09 02:55:07','LOTE-2023-006','Venta de productos'),(131,20,5,5,'2025-04-09 02:55:07','LOTE-2023-006','Venta de productos'),(132,20,5,5,'2025-04-09 02:55:07','LOTE-2023-006','Venta de productos'),(133,20,5,5,'2025-04-09 02:55:08','LOTE-2023-006','Venta de productos'),(134,20,5,5,'2025-04-09 02:55:08','LOTE-2023-006','Venta de productos'),(135,20,5,5,'2025-04-09 02:55:08','LOTE-2023-006','Venta de productos'),(136,20,5,5,'2025-04-09 02:55:08','LOTE-2023-006','Venta de productos'),(137,20,5,5,'2025-04-09 02:55:08','LOTE-2023-006','Venta de productos'),(138,20,5,5,'2025-04-09 02:55:08','LOTE-2023-006','Venta de productos'),(139,20,5,5,'2025-04-09 02:55:09','LOTE-2023-006','Venta de productos'),(140,20,5,5,'2025-04-09 02:55:09','LOTE-2023-006','Venta de productos'),(141,20,5,5,'2025-04-09 02:55:09','LOTE-2023-006','Venta de productos'),(142,20,5,5,'2025-04-09 02:55:09','LOTE-2023-006','Venta de productos'),(143,20,5,5,'2025-04-09 02:55:10','LOTE-2023-006','Venta de productos'),(144,20,5,5,'2025-04-09 02:55:10','LOTE-2023-006','Venta de productos'),(145,20,5,5,'2025-04-09 02:55:10','LOTE-2023-006','Venta de productos'),(146,20,5,5,'2025-04-09 02:55:10','LOTE-2023-006','Venta de productos'),(147,20,5,5,'2025-04-09 02:55:10','LOTE-2023-006','Venta de productos'),(148,20,5,5,'2025-04-09 02:55:11','LOTE-2023-006','Venta de productos'),(149,20,5,5,'2025-04-09 02:55:11','LOTE-2023-006','Venta de productos'),(150,20,5,5,'2025-04-09 02:55:11','LOTE-2023-006','Venta de productos'),(151,20,5,5,'2025-04-09 02:55:11','LOTE-2023-006','Venta de productos'),(152,20,5,5,'2025-04-09 02:55:11','LOTE-2023-006','Venta de productos'),(153,20,5,5,'2025-04-09 02:55:12','LOTE-2023-006','Venta de productos'),(154,20,5,5,'2025-04-09 02:55:12','LOTE-2023-006','Venta de productos'),(155,20,5,5,'2025-04-09 02:55:12','LOTE-2023-006','Venta de productos'),(156,20,5,5,'2025-04-09 02:55:12','LOTE-2023-006','Venta de productos'),(157,20,5,5,'2025-04-09 02:55:12','LOTE-2023-006','Venta de productos'),(158,20,5,5,'2025-04-09 02:55:13','LOTE-2023-006','Venta de productos'),(159,20,5,5,'2025-04-09 02:55:13','LOTE-2023-006','Venta de productos'),(160,20,5,5,'2025-04-09 02:55:13','LOTE-2023-006','Venta de productos'),(161,20,5,5,'2025-04-09 02:55:13','LOTE-2023-006','Venta de productos'),(162,20,5,5,'2025-04-09 02:55:13','LOTE-2023-006','Venta de productos'),(163,20,5,5,'2025-04-09 02:55:14','LOTE-2023-006','Venta de productos'),(164,20,5,5,'2025-04-09 02:55:14','LOTE-2023-006','Venta de productos'),(165,20,5,5,'2025-04-09 02:55:14','LOTE-2023-006','Venta de productos'),(166,20,5,5,'2025-04-09 02:55:14','LOTE-2023-006','Venta de productos'),(167,20,5,5,'2025-04-09 02:55:14','LOTE-2023-006','Venta de productos'),(168,20,5,5,'2025-04-09 02:55:14','LOTE-2023-006','Venta de productos'),(169,20,5,5,'2025-04-09 02:55:15','LOTE-2023-006','Venta de productos'),(170,20,5,5,'2025-04-09 02:55:15','LOTE-2023-006','Venta de productos'),(171,20,5,5,'2025-04-09 02:55:15','LOTE-2023-006','Venta de productos'),(172,20,5,5,'2025-04-09 02:55:15','LOTE-2023-006','Venta de productos'),(173,20,5,5,'2025-04-09 02:55:16','LOTE-2023-006','Venta de productos'),(174,20,5,5,'2025-04-09 02:55:16','LOTE-2023-006','Venta de productos'),(175,20,5,5,'2025-04-09 02:55:16','LOTE-2023-006','Venta de productos'),(176,20,5,5,'2025-04-09 02:55:16','LOTE-2023-006','Venta de productos'),(177,20,5,5,'2025-04-09 02:55:16','LOTE-2023-006','Venta de productos'),(178,20,5,5,'2025-04-09 02:55:17','LOTE-2023-006','Venta de productos'),(179,20,5,5,'2025-04-09 02:55:17','LOTE-2023-006','Venta de productos'),(180,20,5,5,'2025-04-09 02:55:17','LOTE-2023-006','Venta de productos'),(181,20,5,5,'2025-04-09 02:55:17','LOTE-2023-006','Venta de productos'),(182,20,5,5,'2025-04-09 02:55:17','LOTE-2023-006','Venta de productos'),(183,20,5,5,'2025-04-09 02:55:17','LOTE-2023-006','Venta de productos'),(184,20,5,5,'2025-04-09 02:55:18','LOTE-2023-006','Venta de productos'),(185,20,5,5,'2025-04-09 02:55:18','LOTE-2023-006','Venta de productos'),(186,20,5,5,'2025-04-09 02:55:18','LOTE-2023-006','Venta de productos'),(187,20,5,5,'2025-04-09 02:55:18','LOTE-2023-006','Venta de productos'),(188,20,5,5,'2025-04-09 02:55:19','LOTE-2023-006','Venta de productos'),(189,20,5,5,'2025-04-09 02:55:19','LOTE-2023-006','Venta de productos'),(190,20,5,5,'2025-04-09 02:55:19','LOTE-2023-006','Venta de productos'),(191,20,5,5,'2025-04-09 02:55:19','LOTE-2023-006','Venta de productos'),(192,20,5,5,'2025-04-09 02:55:19','LOTE-2023-006','Venta de productos'),(193,20,5,5,'2025-04-09 02:55:20','LOTE-2023-006','Venta de productos'),(194,20,5,5,'2025-04-09 02:55:20','LOTE-2023-006','Venta de productos'),(195,20,5,5,'2025-04-09 02:55:20','LOTE-2023-006','Venta de productos'),(196,20,5,5,'2025-04-09 02:55:20','LOTE-2023-006','Venta de productos'),(197,20,5,5,'2025-04-09 02:55:20','LOTE-2023-006','Venta de productos'),(198,20,5,5,'2025-04-09 02:55:21','LOTE-2023-006','Venta de productos'),(199,20,5,5,'2025-04-09 02:55:21','LOTE-2023-006','Venta de productos'),(200,20,5,5,'2025-04-09 02:55:21','LOTE-2023-006','Venta de productos'),(201,20,5,5,'2025-04-09 02:55:21','LOTE-2023-006','Venta de productos'),(202,20,5,5,'2025-04-09 02:55:21','LOTE-2023-006','Venta de productos'),(203,20,5,5,'2025-04-09 02:55:21','LOTE-2023-006','Venta de productos'),(204,20,5,5,'2025-04-09 02:55:22','LOTE-2023-006','Venta de productos'),(205,20,5,5,'2025-04-09 02:55:22','LOTE-2023-006','Venta de productos'),(206,20,5,5,'2025-04-09 02:55:22','LOTE-2023-006','Venta de productos'),(207,20,5,5,'2025-04-09 02:55:22','LOTE-2023-006','Venta de productos'),(208,20,5,5,'2025-04-09 02:55:22','LOTE-2023-006','Venta de productos'),(209,20,5,5,'2025-04-09 02:55:23','LOTE-2023-006','Venta de productos'),(210,20,5,5,'2025-04-09 02:55:23','LOTE-2023-006','Venta de productos'),(211,20,5,5,'2025-04-09 02:55:23','LOTE-2023-006','Venta de productos'),(212,20,5,5,'2025-04-09 02:55:23','LOTE-2023-006','Venta de productos'),(213,20,5,5,'2025-04-09 02:55:24','LOTE-2023-006','Venta de productos'),(214,20,5,5,'2025-04-09 02:55:24','LOTE-2023-006','Venta de productos'),(215,20,5,5,'2025-04-09 02:55:24','LOTE-2023-006','Venta de productos'),(216,20,5,5,'2025-04-09 02:55:24','LOTE-2023-006','Venta de productos'),(217,20,5,5,'2025-04-09 02:55:24','LOTE-2023-006','Venta de productos'),(218,20,5,5,'2025-04-09 02:55:24','LOTE-2023-006','Venta de productos'),(219,20,5,5,'2025-04-09 02:55:25','LOTE-2023-006','Venta de productos'),(220,20,5,5,'2025-04-09 02:55:25','LOTE-2023-006','Venta de productos'),(221,20,5,5,'2025-04-09 02:55:25','LOTE-2023-006','Venta de productos'),(222,20,5,5,'2025-04-09 02:55:25','LOTE-2023-006','Venta de productos'),(223,20,5,5,'2025-04-09 02:55:26','LOTE-2023-006','Venta de productos'),(224,20,5,5,'2025-04-09 02:55:26','LOTE-2023-006','Venta de productos'),(225,20,5,5,'2025-04-09 02:55:26','LOTE-2023-006','Venta de productos'),(226,20,5,5,'2025-04-09 02:55:26','LOTE-2023-006','Venta de productos'),(227,20,5,5,'2025-04-09 02:55:26','LOTE-2023-006','Venta de productos'),(228,20,5,5,'2025-04-09 02:55:26','LOTE-2023-006','Venta de productos'),(229,20,5,5,'2025-04-09 02:55:27','LOTE-2023-006','Venta de productos'),(230,20,5,5,'2025-04-09 02:55:27','LOTE-2023-006','Venta de productos'),(231,20,5,5,'2025-04-09 02:55:27','LOTE-2023-006','Venta de productos'),(232,20,5,5,'2025-04-09 02:55:27','LOTE-2023-006','Venta de productos'),(233,20,5,5,'2025-04-09 02:55:28','LOTE-2023-006','Venta de productos'),(234,20,5,5,'2025-04-09 02:55:28','LOTE-2023-006','Venta de productos'),(235,20,5,5,'2025-04-09 02:55:28','LOTE-2023-006','Venta de productos'),(236,20,5,5,'2025-04-09 02:55:28','LOTE-2023-006','Venta de productos'),(237,20,5,5,'2025-04-09 02:55:28','LOTE-2023-006','Venta de productos'),(238,20,5,5,'2025-04-09 02:55:28','LOTE-2023-006','Venta de productos'),(239,20,5,5,'2025-04-09 02:55:29','LOTE-2023-006','Venta de productos'),(240,20,5,5,'2025-04-09 02:55:29','LOTE-2023-006','Venta de productos'),(241,20,5,5,'2025-04-09 02:55:29','LOTE-2023-006','Venta de productos'),(242,20,5,5,'2025-04-09 02:55:29','LOTE-2023-006','Venta de productos'),(243,20,5,5,'2025-04-09 02:55:30','LOTE-2023-006','Venta de productos'),(244,20,5,5,'2025-04-09 02:55:30','LOTE-2023-006','Venta de productos'),(245,20,5,5,'2025-04-09 02:55:30','LOTE-2023-006','Venta de productos'),(246,20,5,5,'2025-04-09 02:55:30','LOTE-2023-006','Venta de productos'),(247,20,5,5,'2025-04-09 02:55:30','LOTE-2023-006','Venta de productos'),(248,20,5,5,'2025-04-09 02:55:30','LOTE-2023-006','Venta de productos'),(249,20,5,5,'2025-04-09 02:55:31','LOTE-2023-006','Venta de productos'),(250,20,5,5,'2025-04-09 02:55:31','LOTE-2023-006','Venta de productos'),(251,20,5,5,'2025-04-09 02:55:31','LOTE-2023-006','Venta de productos'),(252,20,5,5,'2025-04-09 02:55:31','LOTE-2023-006','Venta de productos'),(253,20,5,5,'2025-04-09 02:55:32','LOTE-2023-006','Venta de productos'),(254,20,5,5,'2025-04-09 02:55:32','LOTE-2023-006','Venta de productos'),(255,20,5,5,'2025-04-09 02:55:32','LOTE-2023-006','Venta de productos'),(256,20,5,5,'2025-04-09 02:55:32','LOTE-2023-006','Venta de productos'),(257,20,5,5,'2025-04-09 02:55:32','LOTE-2023-006','Venta de productos'),(258,20,5,5,'2025-04-09 02:55:32','LOTE-2023-006','Venta de productos'),(259,20,5,5,'2025-04-09 02:55:33','LOTE-2023-006','Venta de productos'),(260,20,5,5,'2025-04-09 02:55:33','LOTE-2023-006','Venta de productos'),(261,20,5,5,'2025-04-09 02:55:33','LOTE-2023-006','Venta de productos'),(262,20,5,5,'2025-04-09 02:55:33','LOTE-2023-006','Venta de productos'),(263,20,5,5,'2025-04-09 02:55:33','LOTE-2023-006','Venta de productos'),(264,20,5,5,'2025-04-09 02:55:34','LOTE-2023-006','Venta de productos'),(265,20,5,5,'2025-04-09 02:55:34','LOTE-2023-006','Venta de productos'),(266,20,5,5,'2025-04-09 02:55:34','LOTE-2023-006','Venta de productos'),(267,20,5,5,'2025-04-09 02:55:34','LOTE-2023-006','Venta de productos'),(268,20,5,5,'2025-04-09 02:55:34','LOTE-2023-006','Venta de productos'),(269,20,5,5,'2025-04-09 02:55:35','LOTE-2023-006','Venta de productos'),(270,20,5,5,'2025-04-09 02:55:35','LOTE-2023-006','Venta de productos'),(271,20,5,5,'2025-04-09 02:55:35','LOTE-2023-006','Venta de productos'),(272,20,5,5,'2025-04-09 02:55:35','LOTE-2023-006','Venta de productos'),(273,20,5,5,'2025-04-09 02:55:36','LOTE-2023-006','Venta de productos'),(274,20,5,5,'2025-04-09 02:55:36','LOTE-2023-006','Venta de productos'),(275,20,5,5,'2025-04-09 02:55:36','LOTE-2023-006','Venta de productos'),(276,20,5,5,'2025-04-09 02:55:36','LOTE-2023-006','Venta de productos'),(277,20,5,5,'2025-04-09 02:55:36','LOTE-2023-006','Venta de productos'),(278,20,5,5,'2025-04-09 02:55:37','LOTE-2023-006','Venta de productos'),(279,20,5,5,'2025-04-09 02:55:37','LOTE-2023-006','Venta de productos'),(280,20,5,5,'2025-04-09 02:55:37','LOTE-2023-006','Venta de productos'),(281,20,5,5,'2025-04-09 02:55:37','LOTE-2023-006','Venta de productos'),(282,20,5,5,'2025-04-09 02:55:37','LOTE-2023-006','Venta de productos'),(283,20,5,5,'2025-04-09 02:55:37','LOTE-2023-006','Venta de productos'),(284,20,5,5,'2025-04-09 02:55:38','LOTE-2023-006','Venta de productos'),(285,20,5,5,'2025-04-09 02:55:38','LOTE-2023-006','Venta de productos'),(286,20,5,5,'2025-04-09 02:55:38','LOTE-2023-006','Venta de productos'),(287,20,5,5,'2025-04-09 02:55:38','LOTE-2023-006','Venta de productos'),(288,20,5,5,'2025-04-09 02:55:38','LOTE-2023-006','Venta de productos'),(289,20,5,5,'2025-04-09 02:55:39','LOTE-2023-006','Venta de productos'),(290,20,5,5,'2025-04-09 02:55:39','LOTE-2023-006','Venta de productos'),(291,20,5,5,'2025-04-09 02:55:39','LOTE-2023-006','Venta de productos'),(292,20,5,5,'2025-04-09 02:55:39','LOTE-2023-006','Venta de productos'),(293,20,5,5,'2025-04-09 02:55:40','LOTE-2023-006','Venta de productos'),(294,20,5,5,'2025-04-09 02:55:40','LOTE-2023-006','Venta de productos'),(295,20,5,5,'2025-04-09 02:55:40','LOTE-2023-006','Venta de productos'),(296,20,5,5,'2025-04-09 02:55:40','LOTE-2023-006','Venta de productos'),(297,20,5,5,'2025-04-09 02:55:40','LOTE-2023-006','Venta de productos'),(298,20,5,5,'2025-04-09 02:55:41','LOTE-2023-006','Venta de productos'),(299,20,5,5,'2025-04-09 02:55:41','LOTE-2023-006','Venta de productos'),(300,20,5,5,'2025-04-09 02:55:41','LOTE-2023-006','Venta de productos'),(301,20,5,5,'2025-04-09 02:55:41','LOTE-2023-006','Venta de productos'),(302,20,5,5,'2025-04-09 02:55:41','LOTE-2023-006','Venta de productos'),(303,20,5,5,'2025-04-09 02:55:41','LOTE-2023-006','Venta de productos'),(304,20,5,5,'2025-04-09 02:55:42','LOTE-2023-006','Venta de productos'),(305,20,5,5,'2025-04-09 02:55:42','LOTE-2023-006','Venta de productos'),(306,20,5,5,'2025-04-09 02:55:42','LOTE-2023-006','Venta de productos'),(307,20,5,5,'2025-04-09 02:55:42','LOTE-2023-006','Venta de productos'),(308,20,5,5,'2025-04-09 02:55:42','LOTE-2023-006','Venta de productos'),(309,20,5,5,'2025-04-09 02:55:43','LOTE-2023-006','Venta de productos'),(310,20,5,5,'2025-04-09 02:55:43','LOTE-2023-006','Venta de productos'),(311,20,5,5,'2025-04-09 02:55:43','LOTE-2023-006','Venta de productos'),(312,20,5,5,'2025-04-09 02:55:43','LOTE-2023-006','Venta de productos'),(313,20,5,5,'2025-04-09 02:55:44','LOTE-2023-006','Venta de productos'),(314,20,5,5,'2025-04-09 02:55:44','LOTE-2023-006','Venta de productos'),(315,20,5,5,'2025-04-09 02:55:44','LOTE-2023-006','Venta de productos'),(316,20,5,5,'2025-04-09 02:55:44','LOTE-2023-006','Venta de productos'),(317,20,5,5,'2025-04-09 02:55:44','LOTE-2023-006','Venta de productos'),(318,20,5,5,'2025-04-09 02:55:44','LOTE-2023-006','Venta de productos'),(319,20,5,5,'2025-04-09 02:55:45','LOTE-2023-006','Venta de productos'),(320,20,5,5,'2025-04-09 02:55:45','LOTE-2023-006','Venta de productos'),(321,20,5,5,'2025-04-09 02:55:45','LOTE-2023-006','Venta de productos'),(322,20,5,5,'2025-04-09 02:55:45','LOTE-2023-006','Venta de productos'),(323,20,5,5,'2025-04-09 02:55:46','LOTE-2023-006','Venta de productos'),(324,20,5,5,'2025-04-09 02:55:46','LOTE-2023-006','Venta de productos'),(325,20,5,5,'2025-04-09 02:55:46','LOTE-2023-006','Venta de productos'),(326,20,5,5,'2025-04-09 02:55:46','LOTE-2023-006','Venta de productos'),(327,20,5,5,'2025-04-09 02:55:46','LOTE-2023-006','Venta de productos'),(328,20,5,5,'2025-04-09 02:55:47','LOTE-2023-006','Venta de productos'),(329,20,5,5,'2025-04-09 02:55:47','LOTE-2023-006','Venta de productos'),(330,20,5,5,'2025-04-09 02:55:47','LOTE-2023-006','Venta de productos'),(331,20,5,5,'2025-04-09 02:55:47','LOTE-2023-006','Venta de productos'),(332,20,5,5,'2025-04-09 02:55:47','LOTE-2023-006','Venta de productos'),(333,20,5,5,'2025-04-09 02:55:48','LOTE-2023-006','Venta de productos'),(334,20,5,5,'2025-04-09 02:55:48','LOTE-2023-006','Venta de productos'),(335,20,5,5,'2025-04-09 02:55:48','LOTE-2023-006','Venta de productos'),(336,20,5,5,'2025-04-09 02:55:48','LOTE-2023-006','Venta de productos'),(337,20,5,5,'2025-04-09 02:55:48','LOTE-2023-006','Venta de productos'),(338,20,5,5,'2025-04-09 02:55:49','LOTE-2023-006','Venta de productos'),(339,20,5,5,'2025-04-09 02:55:49','LOTE-2023-006','Venta de productos'),(340,20,5,5,'2025-04-09 02:55:49','LOTE-2023-006','Venta de productos'),(341,20,5,5,'2025-04-09 02:55:49','LOTE-2023-006','Venta de productos'),(342,20,5,5,'2025-04-09 02:55:49','LOTE-2023-006','Venta de productos'),(343,20,5,5,'2025-04-09 02:55:49','LOTE-2023-006','Venta de productos'),(344,20,5,5,'2025-04-09 02:55:50','LOTE-2023-006','Venta de productos'),(345,20,5,5,'2025-04-09 02:55:50','LOTE-2023-006','Venta de productos'),(346,20,5,5,'2025-04-09 02:55:50','LOTE-2023-006','Venta de productos'),(347,20,5,5,'2025-04-09 02:55:50','LOTE-2023-006','Venta de productos'),(348,20,5,5,'2025-04-09 02:55:51','LOTE-2023-006','Venta de productos'),(349,20,5,5,'2025-04-09 02:55:51','LOTE-2023-006','Venta de productos'),(350,20,5,5,'2025-04-09 02:55:51','LOTE-2023-006','Venta de productos'),(351,20,5,5,'2025-04-09 02:55:51','LOTE-2023-006','Venta de productos'),(352,20,5,5,'2025-04-09 02:55:51','LOTE-2023-006','Venta de productos'),(353,20,5,5,'2025-04-09 02:55:52','LOTE-2023-006','Venta de productos'),(354,20,5,5,'2025-04-09 02:55:52','LOTE-2023-006','Venta de productos'),(355,20,5,5,'2025-04-09 02:55:52','LOTE-2023-006','Venta de productos'),(356,20,5,5,'2025-04-09 02:55:52','LOTE-2023-006','Venta de productos'),(357,20,5,5,'2025-04-09 02:55:52','LOTE-2023-006','Venta de productos'),(358,20,5,5,'2025-04-09 02:55:53','LOTE-2023-006','Venta de productos'),(359,20,5,5,'2025-04-09 02:55:53','LOTE-2023-006','Venta de productos'),(360,20,5,5,'2025-04-09 02:55:53','LOTE-2023-006','Venta de productos'),(361,20,5,5,'2025-04-09 02:55:53','LOTE-2023-006','Venta de productos'),(362,20,5,5,'2025-04-09 02:55:53','LOTE-2023-006','Venta de productos'),(363,20,5,5,'2025-04-09 02:55:54','LOTE-2023-006','Venta de productos'),(364,20,5,5,'2025-04-09 02:55:54','LOTE-2023-006','Venta de productos'),(365,20,5,5,'2025-04-09 02:55:54','LOTE-2023-006','Venta de productos'),(366,20,5,5,'2025-04-09 02:55:54','LOTE-2023-006','Venta de productos'),(367,20,5,5,'2025-04-09 02:55:54','LOTE-2023-006','Venta de productos'),(368,20,5,5,'2025-04-09 02:55:55','LOTE-2023-006','Venta de productos'),(369,20,5,5,'2025-04-09 02:55:55','LOTE-2023-006','Venta de productos'),(370,20,5,5,'2025-04-09 02:55:55','LOTE-2023-006','Venta de productos'),(371,20,5,5,'2025-04-09 02:55:55','LOTE-2023-006','Venta de productos'),(372,20,5,5,'2025-04-09 02:55:55','LOTE-2023-006','Venta de productos'),(373,20,5,5,'2025-04-09 02:55:55','LOTE-2023-006','Venta de productos'),(374,20,5,5,'2025-04-09 02:55:56','LOTE-2023-006','Venta de productos'),(375,20,5,5,'2025-04-09 02:55:56','LOTE-2023-006','Venta de productos'),(376,20,5,5,'2025-04-09 02:55:56','LOTE-2023-006','Venta de productos'),(377,20,5,5,'2025-04-09 02:55:56','LOTE-2023-006','Venta de productos'),(378,20,5,5,'2025-04-09 02:55:57','LOTE-2023-006','Venta de productos'),(379,20,5,5,'2025-04-09 02:55:57','LOTE-2023-006','Venta de productos'),(380,20,5,5,'2025-04-09 02:55:57','LOTE-2023-006','Venta de productos'),(381,20,5,5,'2025-04-09 02:55:57','LOTE-2023-006','Venta de productos'),(382,20,5,5,'2025-04-09 02:55:57','LOTE-2023-006','Venta de productos'),(383,20,5,5,'2025-04-09 02:55:58','LOTE-2023-006','Venta de productos'),(384,20,5,5,'2025-04-09 02:55:58','LOTE-2023-006','Venta de productos'),(385,20,5,5,'2025-04-09 02:55:58','LOTE-2023-006','Venta de productos'),(386,20,5,5,'2025-04-09 02:55:58','LOTE-2023-006','Venta de productos'),(387,20,5,5,'2025-04-09 02:55:58','LOTE-2023-006','Venta de productos'),(388,20,5,5,'2025-04-09 02:55:58','LOTE-2023-006','Venta de productos'),(389,20,5,5,'2025-04-09 02:55:59','LOTE-2023-006','Venta de productos'),(390,20,5,5,'2025-04-09 02:55:59','LOTE-2023-006','Venta de productos'),(391,20,5,5,'2025-04-09 02:55:59','LOTE-2023-006','Venta de productos'),(392,20,5,1,'2025-04-09 02:57:50','LOTE-2023-006','Venta de productos'),(393,20,4,1,'2025-04-09 17:09:24','Reabastecimiento de inventario','Lote: LOTE-2023-006'),(394,20,4,1,'2025-04-09 17:10:07','Reabastecimiento de inventario','Lote: LOTE-2023-006'),(395,20,4,10,'2025-04-09 17:10:41','Reabastecimiento de inventario','Lote: LOTE-2023-006'),(396,20,5,1,'2025-04-09 17:12:49','LOTE-2023-006','Venta de productos'),(397,21,5,1,'2025-04-09 17:12:49','LOTE-2023-007','Venta de productos'),(398,21,7,29,'2025-04-09 17:14:40','LOTE-2023-007','Actualización en la información del producto'),(399,20,4,5,'2025-04-09 17:20:57','Reabastecimiento de inventario','Lote: LOTE-2023-006'),(402,20,4,5,'2025-04-09 17:21:00','Reabastecimiento de inventario','Lote: LOTE-2023-006'),(403,20,4,5,'2025-04-09 17:21:00','Reabastecimiento de inventario','Lote: LOTE-2023-006'),(406,20,4,5,'2025-04-09 17:21:01','Reabastecimiento de inventario','Lote: LOTE-2023-006'),(408,20,4,5,'2025-04-09 17:21:02','Reabastecimiento de inventario','Lote: LOTE-2023-006'),(410,20,4,5,'2025-04-09 17:21:02','Reabastecimiento de inventario','Lote: LOTE-2023-006'),(414,20,4,5,'2025-04-09 17:21:03','Reabastecimiento de inventario','Lote: LOTE-2023-006'),(415,20,4,5,'2025-04-09 17:21:04','Reabastecimiento de inventario','Lote: LOTE-2023-006'),(416,20,4,5,'2025-04-09 17:21:04','Reabastecimiento de inventario','Lote: LOTE-2023-006'),(417,20,4,5,'2025-04-09 17:21:04','Reabastecimiento de inventario','Lote: LOTE-2023-006'),(420,20,4,5,'2025-04-09 17:21:05','Reabastecimiento de inventario','Lote: LOTE-2023-006'),(421,20,4,5,'2025-04-09 17:21:05','Reabastecimiento de inventario','Lote: LOTE-2023-006'),(424,20,4,5,'2025-04-09 17:21:06','Reabastecimiento de inventario','Lote: LOTE-2023-006'),(427,20,4,5,'2025-04-09 17:21:08','Reabastecimiento de inventario','Lote: LOTE-2023-006'),(429,20,4,5,'2025-04-09 17:21:08','Reabastecimiento de inventario','Lote: LOTE-2023-006'),(432,20,4,5,'2025-04-09 17:21:10','Reabastecimiento de inventario','Lote: LOTE-2023-006'),(433,20,4,5,'2025-04-09 17:21:10','Reabastecimiento de inventario','Lote: LOTE-2023-006'),(435,20,4,5,'2025-04-09 17:21:10','Reabastecimiento de inventario','Lote: LOTE-2023-006'),(436,20,4,5,'2025-04-09 17:21:11','Reabastecimiento de inventario','Lote: LOTE-2023-006'),(438,20,4,5,'2025-04-09 17:21:11','Reabastecimiento de inventario','Lote: LOTE-2023-006'),(440,20,4,5,'2025-04-09 17:21:12','Reabastecimiento de inventario','Lote: LOTE-2023-006'),(441,20,4,5,'2025-04-09 17:21:12','Reabastecimiento de inventario','Lote: LOTE-2023-006'),(443,20,4,5,'2025-04-09 17:21:13','Reabastecimiento de inventario','Lote: LOTE-2023-006'),(446,20,4,5,'2025-04-09 17:21:15','Reabastecimiento de inventario','Lote: LOTE-2023-006'),(447,20,4,5,'2025-04-09 17:21:15','Reabastecimiento de inventario','Lote: LOTE-2023-006'),(448,20,4,5,'2025-04-09 17:21:15','Reabastecimiento de inventario','Lote: LOTE-2023-006'),(449,20,4,5,'2025-04-09 17:21:16','Reabastecimiento de inventario','Lote: LOTE-2023-006'),(450,20,4,5,'2025-04-09 17:21:16','Reabastecimiento de inventario','Lote: LOTE-2023-006'),(453,20,4,5,'2025-04-09 17:21:17','Reabastecimiento de inventario','Lote: LOTE-2023-006'),(454,20,4,5,'2025-04-09 17:21:18','Reabastecimiento de inventario','Lote: LOTE-2023-006'),(462,20,4,5,'2025-04-09 17:21:22','Reabastecimiento de inventario','Lote: LOTE-2023-006'),(463,20,4,5,'2025-04-09 17:21:22','Reabastecimiento de inventario','Lote: LOTE-2023-006'),(467,20,4,5,'2025-04-09 17:21:24','Reabastecimiento de inventario','Lote: LOTE-2023-006'),(472,20,4,5,'2025-04-09 17:21:27','Reabastecimiento de inventario','Lote: LOTE-2023-006'),(473,20,4,5,'2025-04-09 17:21:27','Reabastecimiento de inventario','Lote: LOTE-2023-006'),(474,20,4,5,'2025-04-09 17:21:28','Reabastecimiento de inventario','Lote: LOTE-2023-006'),(475,20,4,5,'2025-04-09 17:21:28','Reabastecimiento de inventario','Lote: LOTE-2023-006'),(476,20,4,5,'2025-04-09 17:21:28','Reabastecimiento de inventario','Lote: LOTE-2023-006'),(477,20,4,5,'2025-04-09 17:21:29','Reabastecimiento de inventario','Lote: LOTE-2023-006'),(479,20,4,5,'2025-04-09 17:21:29','Reabastecimiento de inventario','Lote: LOTE-2023-006'),(481,20,4,5,'2025-04-09 17:21:30','Reabastecimiento de inventario','Lote: LOTE-2023-006'),(482,20,4,5,'2025-04-09 17:21:30','Reabastecimiento de inventario','Lote: LOTE-2023-006'),(483,20,4,5,'2025-04-09 17:21:31','Reabastecimiento de inventario','Lote: LOTE-2023-006'),(486,20,4,5,'2025-04-09 17:21:33','Reabastecimiento de inventario','Lote: LOTE-2023-006'),(488,20,4,5,'2025-04-09 17:21:34','Reabastecimiento de inventario','Lote: LOTE-2023-006'),(493,20,4,5,'2025-04-09 17:21:36','Reabastecimiento de inventario','Lote: LOTE-2023-006'),(495,20,4,5,'2025-04-09 17:21:36','Reabastecimiento de inventario','Lote: LOTE-2023-006'),(496,20,4,5,'2025-04-09 17:21:36','Reabastecimiento de inventario','Lote: LOTE-2023-006'),(498,20,4,5,'2025-04-09 17:21:37','Reabastecimiento de inventario','Lote: LOTE-2023-006'),(499,20,4,5,'2025-04-09 17:21:38','Reabastecimiento de inventario','Lote: LOTE-2023-006'),(501,20,4,5,'2025-04-09 17:21:39','Reabastecimiento de inventario','Lote: LOTE-2023-006'),(504,20,4,5,'2025-04-09 17:21:39','Reabastecimiento de inventario','Lote: LOTE-2023-006'),(505,20,4,5,'2025-04-09 17:21:40','Reabastecimiento de inventario','Lote: LOTE-2023-006'),(506,20,4,5,'2025-04-09 17:21:40','Reabastecimiento de inventario','Lote: LOTE-2023-006'),(510,20,4,5,'2025-04-09 17:21:41','Reabastecimiento de inventario','Lote: LOTE-2023-006'),(511,20,4,5,'2025-04-09 17:21:42','Reabastecimiento de inventario','Lote: LOTE-2023-006'),(516,20,4,5,'2025-04-09 17:21:44','Reabastecimiento de inventario','Lote: LOTE-2023-006'),(519,20,4,5,'2025-04-09 17:21:45','Reabastecimiento de inventario','Lote: LOTE-2023-006'),(520,20,4,5,'2025-04-09 17:21:45','Reabastecimiento de inventario','Lote: LOTE-2023-006'),(526,20,4,5,'2025-04-09 17:21:48','Reabastecimiento de inventario','Lote: LOTE-2023-006'),(527,20,4,5,'2025-04-09 17:21:49','Reabastecimiento de inventario','Lote: LOTE-2023-006'),(532,20,4,5,'2025-04-09 17:21:50','Reabastecimiento de inventario','Lote: LOTE-2023-006'),(534,20,4,5,'2025-04-09 17:21:51','Reabastecimiento de inventario','Lote: LOTE-2023-006'),(536,20,4,5,'2025-04-09 17:21:52','Reabastecimiento de inventario','Lote: LOTE-2023-006'),(537,20,4,5,'2025-04-09 17:21:52','Reabastecimiento de inventario','Lote: LOTE-2023-006'),(538,20,4,5,'2025-04-09 17:21:52','Reabastecimiento de inventario','Lote: LOTE-2023-006'),(544,20,4,5,'2025-04-09 17:21:55','Reabastecimiento de inventario','Lote: LOTE-2023-006'),(546,20,4,5,'2025-04-09 17:21:55','Reabastecimiento de inventario','Lote: LOTE-2023-006'),(547,20,4,5,'2025-04-09 17:21:56','Reabastecimiento de inventario','Lote: LOTE-2023-006'),(549,21,7,30,'2025-04-09 17:23:32','LOTE-2023-006','Actualización en la información del producto'),(550,20,4,5,'2025-04-09 17:23:59','Reabastecimiento de inventario','Lote: LOTE-2023-006'),(553,20,4,5,'2025-04-09 17:24:00','Reabastecimiento de inventario','Lote: LOTE-2023-006'),(555,20,4,5,'2025-04-09 17:24:01','Reabastecimiento de inventario','Lote: LOTE-2023-006'),(557,20,4,5,'2025-04-09 17:24:01','Reabastecimiento de inventario','Lote: LOTE-2023-006'),(560,20,4,5,'2025-04-09 17:24:03','Reabastecimiento de inventario','Lote: LOTE-2023-006'),(561,20,4,5,'2025-04-09 17:24:03','Reabastecimiento de inventario','Lote: LOTE-2023-006'),(562,20,4,5,'2025-04-09 17:24:03','Reabastecimiento de inventario','Lote: LOTE-2023-006'),(566,20,4,5,'2025-04-09 17:24:05','Reabastecimiento de inventario','Lote: LOTE-2023-006'),(568,20,4,5,'2025-04-09 17:24:05','Reabastecimiento de inventario','Lote: LOTE-2023-006'),(571,20,4,5,'2025-04-09 17:24:08','Reabastecimiento de inventario','Lote: LOTE-2023-006'),(573,20,4,5,'2025-04-09 17:24:09','Reabastecimiento de inventario','Lote: LOTE-2023-006'),(575,20,4,5,'2025-04-09 17:24:10','Reabastecimiento de inventario','Lote: LOTE-2023-006'),(577,20,4,5,'2025-04-09 17:24:10','Reabastecimiento de inventario','Lote: LOTE-2023-006'),(578,20,4,5,'2025-04-09 17:24:10','Reabastecimiento de inventario','Lote: LOTE-2023-006'),(579,20,4,5,'2025-04-09 17:24:11','Reabastecimiento de inventario','Lote: LOTE-2023-006'),(582,20,4,5,'2025-04-09 17:24:12','Reabastecimiento de inventario','Lote: LOTE-2023-006'),(583,20,4,5,'2025-04-09 17:24:12','Reabastecimiento de inventario','Lote: LOTE-2023-006'),(584,20,4,5,'2025-04-09 17:24:12','Reabastecimiento de inventario','Lote: LOTE-2023-006'),(585,20,4,5,'2025-04-09 17:24:13','Reabastecimiento de inventario','Lote: LOTE-2023-006'),(586,20,4,5,'2025-04-09 17:24:13','Reabastecimiento de inventario','Lote: LOTE-2023-006'),(590,20,4,5,'2025-04-09 17:24:14','Reabastecimiento de inventario','Lote: LOTE-2023-006'),(591,20,4,5,'2025-04-09 17:24:15','Reabastecimiento de inventario','Lote: LOTE-2023-006'),(594,20,4,5,'2025-04-09 17:24:16','Reabastecimiento de inventario','Lote: LOTE-2023-006'),(595,20,4,5,'2025-04-09 17:24:16','Reabastecimiento de inventario','Lote: LOTE-2023-006'),(596,20,4,5,'2025-04-09 17:24:17','Reabastecimiento de inventario','Lote: LOTE-2023-006'),(597,20,4,5,'2025-04-09 17:24:18','Reabastecimiento de inventario','Lote: LOTE-2023-006'),(598,20,4,5,'2025-04-09 17:24:18','Reabastecimiento de inventario','Lote: LOTE-2023-006'),(600,20,4,5,'2025-04-09 17:24:19','Reabastecimiento de inventario','Lote: LOTE-2023-006'),(601,20,4,5,'2025-04-09 17:24:19','Reabastecimiento de inventario','Lote: LOTE-2023-006'),(602,20,4,5,'2025-04-09 17:24:19','Reabastecimiento de inventario','Lote: LOTE-2023-006'),(604,20,4,5,'2025-04-09 17:24:20','Reabastecimiento de inventario','Lote: LOTE-2023-006'),(605,20,4,5,'2025-04-09 17:24:20','Reabastecimiento de inventario','Lote: LOTE-2023-006'),(612,20,4,5,'2025-04-09 17:24:23','Reabastecimiento de inventario','Lote: LOTE-2023-006'),(613,20,4,5,'2025-04-09 17:24:23','Reabastecimiento de inventario','Lote: LOTE-2023-006'),(615,20,4,5,'2025-04-09 17:24:24','Reabastecimiento de inventario','Lote: LOTE-2023-006'),(616,20,4,5,'2025-04-09 17:24:24','Reabastecimiento de inventario','Lote: LOTE-2023-006'),(619,20,4,5,'2025-04-09 17:24:25','Reabastecimiento de inventario','Lote: LOTE-2023-006'),(620,20,4,5,'2025-04-09 17:24:25','Reabastecimiento de inventario','Lote: LOTE-2023-006'),(623,20,4,5,'2025-04-09 17:24:26','Reabastecimiento de inventario','Lote: LOTE-2023-006'),(624,20,4,5,'2025-04-09 17:24:27','Reabastecimiento de inventario','Lote: LOTE-2023-006'),(625,20,4,5,'2025-04-09 17:24:27','Reabastecimiento de inventario','Lote: LOTE-2023-006'),(629,20,4,5,'2025-04-09 17:24:30','Reabastecimiento de inventario','Lote: LOTE-2023-006'),(630,20,4,5,'2025-04-09 17:24:31','Reabastecimiento de inventario','Lote: LOTE-2023-006'),(631,20,4,5,'2025-04-09 17:24:31','Reabastecimiento de inventario','Lote: LOTE-2023-006'),(633,20,4,5,'2025-04-09 17:24:32','Reabastecimiento de inventario','Lote: LOTE-2023-006'),(636,20,4,5,'2025-04-09 17:24:33','Reabastecimiento de inventario','Lote: LOTE-2023-006'),(638,20,4,5,'2025-04-09 17:24:34','Reabastecimiento de inventario','Lote: LOTE-2023-006'),(641,20,4,5,'2025-04-09 17:24:35','Reabastecimiento de inventario','Lote: LOTE-2023-006'),(643,20,4,5,'2025-04-09 17:24:35','Reabastecimiento de inventario','Lote: LOTE-2023-006'),(644,20,4,5,'2025-04-09 17:24:35','Reabastecimiento de inventario','Lote: LOTE-2023-006'),(645,20,4,5,'2025-04-09 17:24:36','Reabastecimiento de inventario','Lote: LOTE-2023-006'),(646,20,4,5,'2025-04-09 17:24:36','Reabastecimiento de inventario','Lote: LOTE-2023-006'),(650,20,4,5,'2025-04-09 17:24:38','Reabastecimiento de inventario','Lote: LOTE-2023-006'),(651,20,4,5,'2025-04-09 17:24:38','Reabastecimiento de inventario','Lote: LOTE-2023-006'),(652,20,4,5,'2025-04-09 17:24:38','Reabastecimiento de inventario','Lote: LOTE-2023-006'),(653,20,4,5,'2025-04-09 17:24:38','Reabastecimiento de inventario','Lote: LOTE-2023-006'),(656,20,4,5,'2025-04-09 17:24:39','Reabastecimiento de inventario','Lote: LOTE-2023-006'),(658,20,4,5,'2025-04-09 17:24:40','Reabastecimiento de inventario','Lote: LOTE-2023-006'),(659,20,4,5,'2025-04-09 17:24:40','Reabastecimiento de inventario','Lote: LOTE-2023-006'),(660,20,4,5,'2025-04-09 17:24:40','Reabastecimiento de inventario','Lote: LOTE-2023-006'),(662,20,4,5,'2025-04-09 17:24:41','Reabastecimiento de inventario','Lote: LOTE-2023-006'),(663,20,4,5,'2025-04-09 17:24:41','Reabastecimiento de inventario','Lote: LOTE-2023-006'),(665,20,4,5,'2025-04-09 17:24:42','Reabastecimiento de inventario','Lote: LOTE-2023-006'),(668,20,4,5,'2025-04-09 17:24:43','Reabastecimiento de inventario','Lote: LOTE-2023-006'),(671,20,4,5,'2025-04-09 17:24:44','Reabastecimiento de inventario','Lote: LOTE-2023-006'),(673,20,4,5,'2025-04-09 17:24:45','Reabastecimiento de inventario','Lote: LOTE-2023-006'),(674,20,4,5,'2025-04-09 17:24:45','Reabastecimiento de inventario','Lote: LOTE-2023-006'),(675,20,4,5,'2025-04-09 17:24:45','Reabastecimiento de inventario','Lote: LOTE-2023-006'),(679,20,4,5,'2025-04-09 17:24:47','Reabastecimiento de inventario','Lote: LOTE-2023-006'),(681,20,4,5,'2025-04-09 17:24:47','Reabastecimiento de inventario','Lote: LOTE-2023-006'),(682,20,4,5,'2025-04-09 17:24:48','Reabastecimiento de inventario','Lote: LOTE-2023-006'),(684,20,4,5,'2025-04-09 17:24:49','Reabastecimiento de inventario','Lote: LOTE-2023-006'),(686,20,4,5,'2025-04-09 17:24:49','Reabastecimiento de inventario','Lote: LOTE-2023-006'),(687,20,4,5,'2025-04-09 17:24:49','Reabastecimiento de inventario','Lote: LOTE-2023-006'),(688,20,4,5,'2025-04-09 17:24:50','Reabastecimiento de inventario','Lote: LOTE-2023-006'),(690,20,4,5,'2025-04-09 17:24:51','Reabastecimiento de inventario','Lote: LOTE-2023-006'),(692,20,4,5,'2025-04-09 17:24:53','Reabastecimiento de inventario','Lote: LOTE-2023-006'),(697,20,4,5,'2025-04-09 17:24:54','Reabastecimiento de inventario','Lote: LOTE-2023-006'),(698,20,4,5,'2025-04-09 17:24:54','Reabastecimiento de inventario','Lote: LOTE-2023-006'),(702,20,4,5,'2025-04-09 17:24:56','Reabastecimiento de inventario','Lote: LOTE-2023-006'),(703,20,4,5,'2025-04-09 17:24:57','Reabastecimiento de inventario','Lote: LOTE-2023-006'),(704,20,4,5,'2025-04-09 17:24:57','Reabastecimiento de inventario','Lote: LOTE-2023-006'),(705,20,4,5,'2025-04-09 17:24:58','Reabastecimiento de inventario','Lote: LOTE-2023-006'),(707,20,4,5,'2025-04-09 17:24:58','Reabastecimiento de inventario','Lote: LOTE-2023-006'),(708,20,4,5,'2025-04-09 17:25:45','Reabastecimiento de inventario','Lote: LOTE-2023-006'),(709,20,4,5,'2025-04-09 17:25:45','Reabastecimiento de inventario','Lote: LOTE-2023-006'),(710,20,5,10,'2025-04-09 17:25:45','LOTE-2023-006','Venta de productos'),(711,21,5,1,'2025-04-09 17:25:45','LOTE-2023-006','Venta de productos'),(712,20,4,5,'2025-04-09 17:25:46','Reabastecimiento de inventario','Lote: LOTE-2023-006'),(713,20,4,5,'2025-04-09 17:25:46','Reabastecimiento de inventario','Lote: LOTE-2023-006'),(714,20,5,10,'2025-04-09 17:25:47','LOTE-2023-006','Venta de productos'),(715,21,5,1,'2025-04-09 17:25:47','LOTE-2023-006','Venta de productos'),(716,20,4,5,'2025-04-09 17:25:47','Reabastecimiento de inventario','Lote: LOTE-2023-006'),(717,20,5,10,'2025-04-09 17:25:47','LOTE-2023-006','Venta de productos'),(718,21,5,1,'2025-04-09 17:25:47','LOTE-2023-006','Venta de productos'),(719,20,4,5,'2025-04-09 17:25:47','Reabastecimiento de inventario','Lote: LOTE-2023-006'),(720,20,5,10,'2025-04-09 17:25:47','LOTE-2023-006','Venta de productos'),(721,21,5,1,'2025-04-09 17:25:47','LOTE-2023-006','Venta de productos'),(722,20,5,10,'2025-04-09 17:25:48','LOTE-2023-006','Venta de productos'),(723,21,5,1,'2025-04-09 17:25:48','LOTE-2023-006','Venta de productos'),(724,20,4,5,'2025-04-09 17:25:49','Reabastecimiento de inventario','Lote: LOTE-2023-006'),(725,20,5,10,'2025-04-09 17:25:49','LOTE-2023-006','Venta de productos'),(726,21,5,1,'2025-04-09 17:25:49','LOTE-2023-006','Venta de productos'),(727,20,5,10,'2025-04-09 17:25:49','LOTE-2023-006','Venta de productos'),(728,21,5,1,'2025-04-09 17:25:49','LOTE-2023-006','Venta de productos'),(729,20,4,5,'2025-04-09 17:25:50','Reabastecimiento de inventario','Lote: LOTE-2023-006'),(730,20,4,5,'2025-04-09 17:25:50','Reabastecimiento de inventario','Lote: LOTE-2023-006'),(731,20,4,5,'2025-04-09 17:25:51','Reabastecimiento de inventario','Lote: LOTE-2023-006'),(732,20,4,5,'2025-04-09 17:25:51','Reabastecimiento de inventario','Lote: LOTE-2023-006'),(733,20,5,10,'2025-04-09 17:25:52','LOTE-2023-006','Venta de productos'),(734,21,5,1,'2025-04-09 17:25:52','LOTE-2023-006','Venta de productos'),(735,20,5,10,'2025-04-09 17:25:53','LOTE-2023-006','Venta de productos'),(736,21,5,1,'2025-04-09 17:25:53','LOTE-2023-006','Venta de productos'),(737,20,4,5,'2025-04-09 17:25:54','Reabastecimiento de inventario','Lote: LOTE-2023-006'),(738,20,5,10,'2025-04-09 17:25:54','LOTE-2023-006','Venta de productos'),(739,21,5,1,'2025-04-09 17:25:54','LOTE-2023-006','Venta de productos'),(740,20,4,5,'2025-04-09 17:25:54','Reabastecimiento de inventario','Lote: LOTE-2023-006'),(741,20,4,5,'2025-04-09 17:25:55','Reabastecimiento de inventario','Lote: LOTE-2023-006'),(742,20,4,5,'2025-04-09 17:25:55','Reabastecimiento de inventario','Lote: LOTE-2023-006'),(743,20,4,5,'2025-04-09 17:25:56','Reabastecimiento de inventario','Lote: LOTE-2023-006'),(744,20,5,10,'2025-04-09 17:25:57','LOTE-2023-006','Venta de productos'),(745,21,5,1,'2025-04-09 17:25:57','LOTE-2023-006','Venta de productos'),(746,20,5,10,'2025-04-09 17:25:57','LOTE-2023-006','Venta de productos'),(747,21,5,1,'2025-04-09 17:25:57','LOTE-2023-006','Venta de productos'),(748,20,4,5,'2025-04-09 17:25:57','Reabastecimiento de inventario','Lote: LOTE-2023-006'),(749,20,4,5,'2025-04-09 17:25:57','Reabastecimiento de inventario','Lote: LOTE-2023-006'),(750,20,5,10,'2025-04-09 17:25:58','LOTE-2023-006','Venta de productos'),(751,21,5,1,'2025-04-09 17:25:58','LOTE-2023-006','Venta de productos'),(752,20,4,5,'2025-04-09 17:25:59','Reabastecimiento de inventario','Lote: LOTE-2023-006'),(753,20,5,10,'2025-04-09 17:25:59','LOTE-2023-006','Venta de productos'),(754,21,5,1,'2025-04-09 17:25:59','LOTE-2023-006','Venta de productos'),(755,20,5,10,'2025-04-09 17:25:59','LOTE-2023-006','Venta de productos'),(756,21,5,1,'2025-04-09 17:25:59','LOTE-2023-006','Venta de productos'),(757,20,4,5,'2025-04-09 17:26:00','Reabastecimiento de inventario','Lote: LOTE-2023-006'),(758,20,5,10,'2025-04-09 17:26:00','LOTE-2023-006','Venta de productos'),(759,21,5,1,'2025-04-09 17:26:00','LOTE-2023-006','Venta de productos'),(760,20,5,10,'2025-04-09 17:26:01','LOTE-2023-006','Venta de productos'),(761,21,5,1,'2025-04-09 17:26:01','LOTE-2023-006','Venta de productos'),(762,20,4,5,'2025-04-09 17:26:01','Reabastecimiento de inventario','Lote: LOTE-2023-006'),(763,20,4,5,'2025-04-09 17:26:01','Reabastecimiento de inventario','Lote: LOTE-2023-006'),(764,20,5,10,'2025-04-09 17:26:01','LOTE-2023-006','Venta de productos'),(765,21,5,1,'2025-04-09 17:26:01','LOTE-2023-006','Venta de productos'),(766,20,4,5,'2025-04-09 17:26:02','Reabastecimiento de inventario','Lote: LOTE-2023-006'),(767,20,4,5,'2025-04-09 17:26:03','Reabastecimiento de inventario','Lote: LOTE-2023-006'),(768,20,4,5,'2025-04-09 17:26:03','Reabastecimiento de inventario','Lote: LOTE-2023-006'),(769,20,5,10,'2025-04-09 17:26:04','LOTE-2023-006','Venta de productos'),(770,21,5,1,'2025-04-09 17:26:04','LOTE-2023-006','Venta de productos'),(771,20,4,5,'2025-04-09 17:26:04','Reabastecimiento de inventario','Lote: LOTE-2023-006'),(772,20,4,5,'2025-04-09 17:26:04','Reabastecimiento de inventario','Lote: LOTE-2023-006'),(773,20,5,10,'2025-04-09 17:26:04','LOTE-2023-006','Venta de productos'),(774,21,5,1,'2025-04-09 17:26:04','LOTE-2023-006','Venta de productos'),(775,20,4,5,'2025-04-09 17:26:04','Reabastecimiento de inventario','Lote: LOTE-2023-006'),(776,20,4,5,'2025-04-09 17:26:05','Reabastecimiento de inventario','Lote: LOTE-2023-006'),(777,20,5,10,'2025-04-09 17:26:05','LOTE-2023-006','Venta de productos'),(778,21,5,1,'2025-04-09 17:26:05','LOTE-2023-006','Venta de productos'),(779,20,4,5,'2025-04-09 17:26:05','Reabastecimiento de inventario','Lote: LOTE-2023-006'),(780,20,5,10,'2025-04-09 17:26:06','LOTE-2023-006','Venta de productos'),(781,21,5,1,'2025-04-09 17:26:06','LOTE-2023-006','Venta de productos'),(782,20,4,5,'2025-04-09 17:26:06','Reabastecimiento de inventario','Lote: LOTE-2023-006'),(783,20,4,5,'2025-04-09 17:26:06','Reabastecimiento de inventario','Lote: LOTE-2023-006'),(784,20,4,5,'2025-04-09 17:26:07','Reabastecimiento de inventario','Lote: LOTE-2023-006'),(785,20,4,5,'2025-04-09 17:26:07','Reabastecimiento de inventario','Lote: LOTE-2023-006'),(786,20,5,10,'2025-04-09 17:26:07','LOTE-2023-006','Venta de productos'),(787,21,5,1,'2025-04-09 17:26:07','LOTE-2023-006','Venta de productos'),(788,20,5,10,'2025-04-09 17:26:07','LOTE-2023-006','Venta de productos'),(789,21,5,1,'2025-04-09 17:26:07','LOTE-2023-006','Venta de productos'),(790,20,5,10,'2025-04-09 17:26:08','LOTE-2023-006','Venta de productos'),(791,21,5,1,'2025-04-09 17:26:08','LOTE-2023-006','Venta de productos'),(792,20,5,10,'2025-04-09 17:26:08','LOTE-2023-006','Venta de productos'),(793,21,5,1,'2025-04-09 17:26:08','LOTE-2023-006','Venta de productos'),(794,20,5,10,'2025-04-09 17:26:09','LOTE-2023-006','Venta de productos'),(795,21,5,1,'2025-04-09 17:26:09','LOTE-2023-006','Venta de productos'),(796,20,4,5,'2025-04-09 17:26:09','Reabastecimiento de inventario','Lote: LOTE-2023-006'),(797,20,4,5,'2025-04-09 17:26:09','Reabastecimiento de inventario','Lote: LOTE-2023-006'),(798,20,4,5,'2025-04-09 17:26:10','Reabastecimiento de inventario','Lote: LOTE-2023-006'),(799,20,4,5,'2025-04-09 17:26:10','Reabastecimiento de inventario','Lote: LOTE-2023-006'),(800,20,4,5,'2025-04-09 17:26:10','Reabastecimiento de inventario','Lote: LOTE-2023-006'),(801,20,4,5,'2025-04-09 17:26:11','Reabastecimiento de inventario','Lote: LOTE-2023-006'),(802,20,4,5,'2025-04-09 17:26:12','Reabastecimiento de inventario','Lote: LOTE-2023-006'),(803,20,4,5,'2025-04-09 17:26:12','Reabastecimiento de inventario','Lote: LOTE-2023-006'),(804,20,4,5,'2025-04-09 17:26:12','Reabastecimiento de inventario','Lote: LOTE-2023-006'),(805,20,4,5,'2025-04-09 17:26:13','Reabastecimiento de inventario','Lote: LOTE-2023-006'),(806,20,5,10,'2025-04-09 17:26:13','LOTE-2023-006','Venta de productos'),(807,21,5,1,'2025-04-09 17:26:13','LOTE-2023-006','Venta de productos'),(808,20,5,10,'2025-04-09 17:26:13','LOTE-2023-006','Venta de productos'),(809,21,5,1,'2025-04-09 17:26:13','LOTE-2023-006','Venta de productos'),(810,20,5,10,'2025-04-09 17:26:15','LOTE-2023-006','Venta de productos'),(811,21,5,1,'2025-04-09 17:26:15','LOTE-2023-006','Venta de productos'),(812,20,4,5,'2025-04-09 17:26:15','Reabastecimiento de inventario','Lote: LOTE-2023-006'),(813,20,5,10,'2025-04-09 17:26:16','LOTE-2023-006','Venta de productos'),(814,21,5,1,'2025-04-09 17:26:16','LOTE-2023-006','Venta de productos'),(815,20,4,5,'2025-04-09 17:26:16','Reabastecimiento de inventario','Lote: LOTE-2023-006'),(816,20,5,10,'2025-04-09 17:26:16','LOTE-2023-006','Venta de productos'),(817,21,5,1,'2025-04-09 17:26:16','LOTE-2023-006','Venta de productos'),(818,20,4,5,'2025-04-09 17:26:17','Reabastecimiento de inventario','Lote: LOTE-2023-006'),(819,20,4,5,'2025-04-09 17:26:17','Reabastecimiento de inventario','Lote: LOTE-2023-006'),(820,20,4,5,'2025-04-09 17:26:18','Reabastecimiento de inventario','Lote: LOTE-2023-006'),(821,20,5,10,'2025-04-09 17:26:19','LOTE-2023-006','Venta de productos'),(822,21,5,1,'2025-04-09 17:26:19','LOTE-2023-006','Venta de productos'),(823,20,4,5,'2025-04-09 17:26:19','Reabastecimiento de inventario','Lote: LOTE-2023-006'),(824,20,4,5,'2025-04-09 17:26:19','Reabastecimiento de inventario','Lote: LOTE-2023-006'),(825,20,5,10,'2025-04-09 17:26:19','LOTE-2023-006','Venta de productos'),(826,21,5,1,'2025-04-09 17:26:19','LOTE-2023-006','Venta de productos'),(827,20,4,5,'2025-04-09 17:26:19','Reabastecimiento de inventario','Lote: LOTE-2023-006'),(828,20,5,10,'2025-04-09 17:26:20','LOTE-2023-006','Venta de productos'),(829,21,5,1,'2025-04-09 17:26:20','LOTE-2023-006','Venta de productos'),(830,20,4,5,'2025-04-09 17:26:20','Reabastecimiento de inventario','Lote: LOTE-2023-006'),(831,20,5,10,'2025-04-09 17:26:21','LOTE-2023-006','Venta de productos'),(832,21,5,1,'2025-04-09 17:26:21','LOTE-2023-006','Venta de productos'),(833,20,5,10,'2025-04-09 17:26:22','LOTE-2023-006','Venta de productos'),(834,21,5,1,'2025-04-09 17:26:22','LOTE-2023-006','Venta de productos'),(835,20,4,5,'2025-04-09 17:26:22','Reabastecimiento de inventario','Lote: LOTE-2023-006'),(836,20,4,5,'2025-04-09 17:26:22','Reabastecimiento de inventario','Lote: LOTE-2023-006'),(837,20,4,5,'2025-04-09 17:26:23','Reabastecimiento de inventario','Lote: LOTE-2023-006'),(838,20,5,10,'2025-04-09 17:26:23','LOTE-2023-006','Venta de productos'),(839,21,5,1,'2025-04-09 17:26:23','LOTE-2023-006','Venta de productos'),(840,20,5,10,'2025-04-09 17:26:24','LOTE-2023-006','Venta de productos'),(841,21,5,1,'2025-04-09 17:26:24','LOTE-2023-006','Venta de productos'),(842,20,5,10,'2025-04-09 17:26:24','LOTE-2023-006','Venta de productos'),(843,21,5,1,'2025-04-09 17:26:24','LOTE-2023-006','Venta de productos'),(844,20,5,10,'2025-04-09 17:26:24','LOTE-2023-006','Venta de productos'),(845,21,5,1,'2025-04-09 17:26:24','LOTE-2023-006','Venta de productos'),(846,20,5,10,'2025-04-09 17:26:25','LOTE-2023-006','Venta de productos'),(847,21,5,1,'2025-04-09 17:26:25','LOTE-2023-006','Venta de productos'),(848,20,4,5,'2025-04-09 17:26:26','Reabastecimiento de inventario','Lote: LOTE-2023-006'),(849,20,4,5,'2025-04-09 17:26:26','Reabastecimiento de inventario','Lote: LOTE-2023-006'),(850,20,4,5,'2025-04-09 17:26:27','Reabastecimiento de inventario','Lote: LOTE-2023-006'),(851,20,4,5,'2025-04-09 17:26:27','Reabastecimiento de inventario','Lote: LOTE-2023-006'),(852,20,4,5,'2025-04-09 17:26:27','Reabastecimiento de inventario','Lote: LOTE-2023-006'),(853,20,4,5,'2025-04-09 17:26:28','Reabastecimiento de inventario','Lote: LOTE-2023-006'),(854,20,5,10,'2025-04-09 17:26:29','LOTE-2023-006','Venta de productos'),(855,21,5,1,'2025-04-09 17:26:29','LOTE-2023-006','Venta de productos'),(856,20,5,10,'2025-04-09 17:26:29','LOTE-2023-006','Venta de productos'),(857,21,5,1,'2025-04-09 17:26:29','LOTE-2023-006','Venta de productos'),(858,20,5,10,'2025-04-09 17:26:29','LOTE-2023-006','Venta de productos'),(859,21,5,1,'2025-04-09 17:26:29','LOTE-2023-006','Venta de productos'),(860,20,4,5,'2025-04-09 17:26:30','Reabastecimiento de inventario','Lote: LOTE-2023-006'),(861,20,4,5,'2025-04-09 17:26:30','Reabastecimiento de inventario','Lote: LOTE-2023-006'),(862,20,4,5,'2025-04-09 17:26:31','Reabastecimiento de inventario','Lote: LOTE-2023-006'),(863,20,5,10,'2025-04-09 17:26:31','LOTE-2023-006','Venta de productos'),(864,21,5,1,'2025-04-09 17:26:31','LOTE-2023-006','Venta de productos'),(865,20,4,5,'2025-04-09 17:26:31','Reabastecimiento de inventario','Lote: LOTE-2023-006'),(866,20,4,5,'2025-04-09 17:26:32','Reabastecimiento de inventario','Lote: LOTE-2023-006'),(867,20,5,10,'2025-04-09 17:26:32','LOTE-2023-006','Venta de productos'),(868,21,5,1,'2025-04-09 17:26:32','LOTE-2023-006','Venta de productos'),(869,20,5,10,'2025-04-09 17:26:32','LOTE-2023-006','Venta de productos'),(870,21,5,1,'2025-04-09 17:26:32','LOTE-2023-006','Venta de productos'),(871,20,4,5,'2025-04-09 17:26:33','Reabastecimiento de inventario','Lote: LOTE-2023-006'),(872,20,5,10,'2025-04-09 17:26:33','LOTE-2023-006','Venta de productos'),(873,21,5,1,'2025-04-09 17:26:33','LOTE-2023-006','Venta de productos'),(874,20,4,5,'2025-04-09 17:26:34','Reabastecimiento de inventario','Lote: LOTE-2023-006'),(875,20,5,10,'2025-04-09 17:26:34','LOTE-2023-006','Venta de productos'),(876,21,5,1,'2025-04-09 17:26:34','LOTE-2023-006','Venta de productos'),(877,20,5,10,'2025-04-09 17:26:34','LOTE-2023-006','Venta de productos'),(878,21,5,1,'2025-04-09 17:26:34','LOTE-2023-006','Venta de productos'),(879,20,4,5,'2025-04-09 17:26:35','Reabastecimiento de inventario','Lote: LOTE-2023-006'),(880,20,4,5,'2025-04-09 17:26:35','Reabastecimiento de inventario','Lote: LOTE-2023-006'),(881,20,5,10,'2025-04-09 17:26:36','LOTE-2023-006','Venta de productos'),(882,21,5,1,'2025-04-09 17:26:36','LOTE-2023-006','Venta de productos'),(883,20,4,5,'2025-04-09 17:26:36','Reabastecimiento de inventario','Lote: LOTE-2023-006'),(884,20,4,5,'2025-04-09 17:26:36','Reabastecimiento de inventario','Lote: LOTE-2023-006'),(885,20,4,5,'2025-04-09 17:26:36','Reabastecimiento de inventario','Lote: LOTE-2023-006'),(886,20,4,5,'2025-04-09 17:26:37','Reabastecimiento de inventario','Lote: LOTE-2023-006'),(887,20,5,10,'2025-04-09 17:26:38','LOTE-2023-006','Venta de productos'),(888,21,5,1,'2025-04-09 17:26:38','LOTE-2023-006','Venta de productos'),(889,20,5,10,'2025-04-09 17:26:38','LOTE-2023-006','Venta de productos'),(890,21,5,1,'2025-04-09 17:26:38','LOTE-2023-006','Venta de productos'),(891,20,4,5,'2025-04-09 17:26:38','Reabastecimiento de inventario','Lote: LOTE-2023-006'),(892,20,5,10,'2025-04-09 17:26:38','LOTE-2023-006','Venta de productos'),(893,21,5,1,'2025-04-09 17:26:38','LOTE-2023-006','Venta de productos'),(894,20,4,5,'2025-04-09 17:26:38','Reabastecimiento de inventario','Lote: LOTE-2023-006'),(895,20,5,10,'2025-04-09 17:26:39','LOTE-2023-006','Venta de productos'),(896,21,5,1,'2025-04-09 17:26:39','LOTE-2023-006','Venta de productos'),(897,20,4,5,'2025-04-09 17:26:39','Reabastecimiento de inventario','Lote: LOTE-2023-006'),(898,20,4,5,'2025-04-09 17:26:39','Reabastecimiento de inventario','Lote: LOTE-2023-006'),(899,20,4,5,'2025-04-09 17:26:39','Reabastecimiento de inventario','Lote: LOTE-2023-006'),(900,20,5,10,'2025-04-09 17:26:40','LOTE-2023-006','Venta de productos'),(901,21,5,1,'2025-04-09 17:26:40','LOTE-2023-006','Venta de productos'),(902,20,5,10,'2025-04-09 17:26:40','LOTE-2023-006','Venta de productos'),(903,21,5,1,'2025-04-09 17:26:40','LOTE-2023-006','Venta de productos'),(904,20,5,10,'2025-04-09 17:26:41','LOTE-2023-006','Venta de productos'),(905,21,5,1,'2025-04-09 17:26:41','LOTE-2023-006','Venta de productos'),(906,20,5,10,'2025-04-09 17:26:42','LOTE-2023-006','Venta de productos'),(907,21,5,1,'2025-04-09 17:26:42','LOTE-2023-006','Venta de productos'),(908,20,4,5,'2025-04-09 17:26:42','Reabastecimiento de inventario','Lote: LOTE-2023-006'),(909,20,5,10,'2025-04-09 17:26:42','LOTE-2023-006','Venta de productos'),(910,21,5,1,'2025-04-09 17:26:42','LOTE-2023-006','Venta de productos'),(911,20,5,10,'2025-04-09 17:26:42','LOTE-2023-006','Venta de productos'),(912,21,5,1,'2025-04-09 17:26:42','LOTE-2023-006','Venta de productos'),(913,20,5,10,'2025-04-09 17:26:43','LOTE-2023-006','Venta de productos'),(914,21,5,1,'2025-04-09 17:26:43','LOTE-2023-006','Venta de productos'),(915,20,5,10,'2025-04-09 17:26:43','LOTE-2023-006','Venta de productos'),(916,21,5,1,'2025-04-09 17:26:43','LOTE-2023-006','Venta de productos'),(917,20,4,5,'2025-04-09 17:26:44','Reabastecimiento de inventario','Lote: LOTE-2023-006'),(918,20,5,10,'2025-04-09 17:26:44','LOTE-2023-006','Venta de productos'),(919,21,5,1,'2025-04-09 17:26:44','LOTE-2023-006','Venta de productos'),(920,20,5,10,'2025-04-09 17:26:44','LOTE-2023-006','Venta de productos'),(921,21,5,1,'2025-04-09 17:26:44','LOTE-2023-006','Venta de productos');
/*!40000 ALTER TABLE `movimiento_inventario` ENABLE KEYS */;
UNLOCK TABLES;

--
-- Table structure for table `producto`
--

DROP TABLE IF EXISTS `producto`;
/*!40101 SET @saved_cs_client     = @@character_set_client */;
/*!50503 SET character_set_client = utf8mb4 */;
CREATE TABLE `producto` (
  `codigo_barras` varchar(50) NOT NULL,
  `nombre` varchar(255) NOT NULL,
  `descripcion` varchar(255) DEFAULT NULL,
  `gramaje` varchar(50) DEFAULT NULL,
  `precio_minimo` decimal(10,2) DEFAULT NULL,
  `precio_maximo` decimal(10,2) DEFAULT NULL,
  `categoria_id` int DEFAULT NULL,
  `proveedor_id` int DEFAULT NULL,
  `presentacion` varchar(50) DEFAULT NULL,
  `sustancia_activa` varchar(100) DEFAULT NULL,
  PRIMARY KEY (`codigo_barras`),
  KEY `categoria_id` (`categoria_id`),
  KEY `proveedor_id` (`proveedor_id`),
  CONSTRAINT `producto_ibfk_1` FOREIGN KEY (`categoria_id`) REFERENCES `categoria` (`categoria_id`) ON DELETE CASCADE ON UPDATE CASCADE,
  CONSTRAINT `producto_ibfk_2` FOREIGN KEY (`proveedor_id`) REFERENCES `proveedor` (`proveedor_id`) ON DELETE CASCADE ON UPDATE CASCADE
) ENGINE=InnoDB DEFAULT CHARSET=utf8mb4 COLLATE=utf8mb4_0900_ai_ci;
/*!40101 SET character_set_client = @saved_cs_client */;

--
-- Dumping data for table `producto`
--

LOCK TABLES `producto` WRITE;
/*!40000 ALTER TABLE `producto` DISABLE KEYS */;
INSERT INTO `producto` VALUES ('1111','dw','dw','dw5',1.00,2.00,5,5,'dw','dw'),('1112','nuevo','nuevo','dw5',1.00,2.00,5,5,'Controlador','En producto'),('1113','nuevo','nuevo','dw5',1.00,2.00,5,5,'Controlador','En producto'),('1122','BULK','BULK','dede',4.00,4.00,5,5,'BULK','BULK'),('1123','BULK','BULK','de',1.00,5.00,5,5,'BULK','BULK'),('1124','BULK','BULK','dede',4.00,4.00,5,5,'BULK','BULK'),('1125','BULK','BULK','dede',4.00,4.00,5,5,'BULK','BULK');
/*!40000 ALTER TABLE `producto` ENABLE KEYS */;
UNLOCK TABLES;

--
-- Table structure for table `producto_inventario`
--

DROP TABLE IF EXISTS `producto_inventario`;
/*!40101 SET @saved_cs_client     = @@character_set_client */;
/*!50503 SET character_set_client = utf8mb4 */;
CREATE TABLE `producto_inventario` (
  `producto_inventario_id` int NOT NULL AUTO_INCREMENT,
  `codigo_barras` varchar(50) DEFAULT NULL,
  `inventario_id` int DEFAULT NULL,
  `existencias` int DEFAULT '0',
  `fecha_ultima_actualizacion` datetime DEFAULT CURRENT_TIMESTAMP,
  `lote` varchar(45) DEFAULT NULL,
  `fecha_caducidad` datetime DEFAULT NULL,
  PRIMARY KEY (`producto_inventario_id`),
  UNIQUE KEY `uq_producto_inventario` (`codigo_barras`,`inventario_id`,`lote`),
  KEY `inventario_id` (`inventario_id`),
  CONSTRAINT `producto_inventario_ibfk_1` FOREIGN KEY (`codigo_barras`) REFERENCES `producto` (`codigo_barras`) ON DELETE CASCADE ON UPDATE CASCADE,
  CONSTRAINT `producto_inventario_ibfk_2` FOREIGN KEY (`inventario_id`) REFERENCES `inventario` (`inventario_id`) ON DELETE CASCADE ON UPDATE CASCADE
) ENGINE=InnoDB AUTO_INCREMENT=44 DEFAULT CHARSET=utf8mb4 COLLATE=utf8mb4_0900_ai_ci;
/*!40101 SET character_set_client = @saved_cs_client */;

--
-- Dumping data for table `producto_inventario`
--

LOCK TABLES `producto_inventario` WRITE;
/*!40000 ALTER TABLE `producto_inventario` DISABLE KEYS */;
INSERT INTO `producto_inventario` VALUES (20,'1111',5,4025,'2025-04-09 17:26:44','LOTE-2023-006','2024-12-31 00:00:00'),(21,'1112',5,2934,'2025-04-09 17:26:44','LOTE-2023-006','2024-12-31 00:00:00'),(22,'1111',6,26,'2025-03-29 17:42:08','LOTE-2023-006','2024-12-31 00:00:00'),(23,'1112',6,19,'2025-03-30 23:24:04','LOTE-2023-007','2024-12-31 00:00:00'),(24,'1111',6,25,'2025-03-30 23:15:27','LOTE-2023-007','2024-12-31 00:00:00'),(25,'1111',5,30,'2025-03-30 04:29:07','LOTE-2023-007','2024-12-31 00:00:00'),(34,'1122',5,10,'2025-04-03 23:12:05','LOTE-2023-006','2024-12-31 00:00:00'),(35,'1123',5,4,'2025-04-03 23:12:05','LOTE-2023-007','2024-12-31 00:00:00'),(38,'1122',6,5,'2025-04-03 23:06:51','LOTE-2023-006','2024-12-31 00:00:00'),(39,'1123',6,2,'2025-04-03 23:06:51','LOTE-2023-007','2024-12-31 00:00:00'),(42,'1124',5,5,'2025-04-03 23:14:34','LOTE-2023-006','2024-12-31 00:00:00'),(43,'1125',5,2,'2025-04-03 23:14:34','LOTE-2023-007','2024-12-31 00:00:00');
/*!40000 ALTER TABLE `producto_inventario` ENABLE KEYS */;
UNLOCK TABLES;

--
-- Table structure for table `proveedor`
--

DROP TABLE IF EXISTS `proveedor`;
/*!40101 SET @saved_cs_client     = @@character_set_client */;
/*!50503 SET character_set_client = utf8mb4 */;
CREATE TABLE `proveedor` (
  `proveedor_id` int NOT NULL AUTO_INCREMENT,
  `nombre` varchar(255) NOT NULL,
  `telefono` varchar(20) DEFAULT NULL,
  `email` varchar(255) DEFAULT NULL,
  `descripcion` varchar(255) DEFAULT NULL,
  PRIMARY KEY (`proveedor_id`)
) ENGINE=InnoDB AUTO_INCREMENT=9 DEFAULT CHARSET=utf8mb4 COLLATE=utf8mb4_0900_ai_ci;
/*!40101 SET character_set_client = @saved_cs_client */;

--
-- Dumping data for table `proveedor`
--

LOCK TABLES `proveedor` WRITE;
/*!40000 ALTER TABLE `proveedor` DISABLE KEYS */;
INSERT INTO `proveedor` VALUES (5,'d','95','dw','dw'),(6,'Nuevo','9512','dwede2','deded2'),(7,'Nuevo2',NULL,'dwede2',NULL),(8,'Nuevo333','9512333','dwede2333','deded2333');
/*!40000 ALTER TABLE `proveedor` ENABLE KEYS */;
UNLOCK TABLES;

--
-- Table structure for table `sucursal`
--

DROP TABLE IF EXISTS `sucursal`;
/*!40101 SET @saved_cs_client     = @@character_set_client */;
/*!50503 SET character_set_client = utf8mb4 */;
CREATE TABLE `sucursal` (
  `sucursal_id` varchar(10) NOT NULL,
  `nombre` varchar(255) NOT NULL,
  `direccion` varchar(255) NOT NULL,
  `fecha_creacion` datetime DEFAULT CURRENT_TIMESTAMP,
  `contraseña_sucursal` varchar(45) DEFAULT NULL,
  PRIMARY KEY (`sucursal_id`)
) ENGINE=InnoDB DEFAULT CHARSET=utf8mb4 COLLATE=utf8mb4_0900_ai_ci;
/*!40101 SET character_set_client = @saved_cs_client */;

--
-- Dumping data for table `sucursal`
--

LOCK TABLES `sucursal` WRITE;
/*!40000 ALTER TABLE `sucursal` DISABLE KEYS */;
INSERT INTO `sucursal` VALUES ('MY1','Maya 01','San Jacinto','2025-03-26 23:09:04','maya01'),('MY2','Maya 02','Forestal','2025-03-26 23:10:53','maya02'),('MY3','Maya 03','Niños héroes','2025-03-27 17:13:36','maya03');
/*!40000 ALTER TABLE `sucursal` ENABLE KEYS */;
UNLOCK TABLES;

--
-- Table structure for table `tipo_movimiento`
--

DROP TABLE IF EXISTS `tipo_movimiento`;
/*!40101 SET @saved_cs_client     = @@character_set_client */;
/*!50503 SET character_set_client = utf8mb4 */;
CREATE TABLE `tipo_movimiento` (
  `tipo_movimiento_id` int NOT NULL AUTO_INCREMENT,
  `descripcion` varchar(255) DEFAULT NULL,
  `factor` enum('Entrada','Salida','Venta','Anulación de venta','Actualizacion manual del inventario') NOT NULL,
  PRIMARY KEY (`tipo_movimiento_id`)
) ENGINE=InnoDB AUTO_INCREMENT=8 DEFAULT CHARSET=utf8mb4 COLLATE=utf8mb4_0900_ai_ci;
/*!40101 SET character_set_client = @saved_cs_client */;

--
-- Dumping data for table `tipo_movimiento`
--

LOCK TABLES `tipo_movimiento` WRITE;
/*!40000 ALTER TABLE `tipo_movimiento` DISABLE KEYS */;
INSERT INTO `tipo_movimiento` VALUES (4,'Entrada','Entrada'),(5,'Salida','Salida'),(6,'Anulación de venta','Anulación de venta'),(7,'Actualizacion manual del inventario','Actualizacion manual del inventario');
/*!40000 ALTER TABLE `tipo_movimiento` ENABLE KEYS */;
UNLOCK TABLES;

--
-- Table structure for table `usuario`
--

DROP TABLE IF EXISTS `usuario`;
/*!40101 SET @saved_cs_client     = @@character_set_client */;
/*!50503 SET character_set_client = utf8mb4 */;
CREATE TABLE `usuario` (
  `usuario_id` int NOT NULL AUTO_INCREMENT,
  `nombre` varchar(255) NOT NULL,
  `apellido` varchar(255) NOT NULL,
  `telefono` varchar(20) DEFAULT NULL,
  `email` varchar(255) DEFAULT NULL,
  `rol` enum('administrador','trabajador') NOT NULL,
  `turno` varchar(50) DEFAULT NULL,
  `fecha_ingreso` datetime DEFAULT CURRENT_TIMESTAMP,
  `usuario` varchar(45) DEFAULT NULL,
  `clave_acceso` varchar(5) NOT NULL,
  `sucursal_id` varchar(10) DEFAULT NULL,
  PRIMARY KEY (`usuario_id`),
  KEY `fk_sucursal_usuario_idx` (`sucursal_id`),
  CONSTRAINT `fk_sucursal_usuario` FOREIGN KEY (`sucursal_id`) REFERENCES `sucursal` (`sucursal_id`) ON DELETE CASCADE ON UPDATE CASCADE
) ENGINE=InnoDB AUTO_INCREMENT=11 DEFAULT CHARSET=utf8mb4 COLLATE=utf8mb4_0900_ai_ci;
/*!40101 SET character_set_client = @saved_cs_client */;

--
-- Dumping data for table `usuario`
--

LOCK TABLES `usuario` WRITE;
/*!40000 ALTER TABLE `usuario` DISABLE KEYS */;
INSERT INTO `usuario` VALUES (8,'María','Vásquez','951','mari@gmail.com','trabajador','matutino','2025-03-27 17:14:15','Mar69','maria','MY3'),(9,'Lenin','Bravo','220','lenin@gmail.com','trabajador','matutino','2025-03-27 23:02:47','Lenin','lenin','MY1');
/*!40000 ALTER TABLE `usuario` ENABLE KEYS */;
UNLOCK TABLES;

--
-- Table structure for table `venta`
--

DROP TABLE IF EXISTS `venta`;
/*!40101 SET @saved_cs_client     = @@character_set_client */;
/*!50503 SET character_set_client = utf8mb4 */;
CREATE TABLE `venta` (
  `venta_id` varchar(20) NOT NULL,
  `sucursal_id` varchar(10) DEFAULT NULL,
  `usuario_id` int DEFAULT NULL,
  `fecha_venta` datetime DEFAULT CURRENT_TIMESTAMP,
  `total` decimal(10,2) NOT NULL,
  `total_recibido` decimal(10,2) DEFAULT NULL,
  `numero_factura` varchar(50) DEFAULT NULL,
  `anulada` tinyint(1) DEFAULT '0',
  PRIMARY KEY (`venta_id`),
  UNIQUE KEY `numero_factura` (`numero_factura`),
  KEY `sucursal_id` (`sucursal_id`),
  KEY `usuario_id` (`usuario_id`),
  CONSTRAINT `venta_ibfk_1` FOREIGN KEY (`sucursal_id`) REFERENCES `sucursal` (`sucursal_id`) ON DELETE CASCADE ON UPDATE CASCADE,
  CONSTRAINT `venta_ibfk_2` FOREIGN KEY (`usuario_id`) REFERENCES `usuario` (`usuario_id`) ON DELETE CASCADE ON UPDATE CASCADE
) ENGINE=InnoDB DEFAULT CHARSET=utf8mb4 COLLATE=utf8mb4_0900_ai_ci;
/*!40101 SET character_set_client = @saved_cs_client */;

--
-- Dumping data for table `venta`
--

LOCK TABLES `venta` WRITE;
/*!40000 ALTER TABLE `venta` DISABLE KEYS */;
INSERT INTO `venta` VALUES ('V-1743258436591','MY1',8,'2025-03-29 14:27:16',125.50,150.00,'FAC-1743258436591',0),('V-1743258519743','MY1',8,'2025-03-29 14:28:39',125.50,150.00,'FAC-1743258519743',0),('V-1743269947695','MY1',8,'2025-03-29 17:39:07',125.50,150.00,'FAC-1743269947695',0),('V-1743269981151','MY1',8,'2025-03-29 17:39:41',125.50,150.00,'FAC-1743269981151',0),('V-1743269988237','MY1',8,'2025-03-29 17:39:48',125.50,150.00,'FAC-1743269988237',0),('V-1743270128695','MY2',8,'2025-03-29 17:42:08',125.50,150.00,'FAC-1743270128695',0),('V-1743270482975','MY2',8,'2025-03-29 17:48:02',125.50,150.00,'FAC-1743270482975',0),('V-1743376590392','MY2',8,'2025-03-30 23:16:30',125.50,150.00,'FAC-1743376590392',0),('V-1743377032223','MY2',8,'2025-03-30 23:23:52',125.50,150.00,'FAC-1743377032223',0),('V-1743377044455','MY2',8,'2025-03-30 23:24:04',125.50,150.00,'FAC-1743377044455',0),('V-1743452929866','MY1',8,'2025-03-31 20:28:49',125.50,150.00,'FAC-1743452929866',0),('V-1743458255516','MY1',8,'2025-03-31 21:57:35',125.50,150.00,'FAC-1743458255516',0),('V-1743458871595','MY1',8,'2025-03-31 22:07:51',125.50,150.00,'FAC-1743458871595',1),('V-1743530276795','MY1',8,'2025-04-01 17:57:56',125.50,150.00,'FAC-1743530276795',1),('V-1743563573370','MY1',8,'2025-04-02 03:12:53',125.50,150.00,'FAC-1743563573370',1),('V-1743613982632','MY1',8,'2025-04-02 17:13:02',125.50,150.00,'FAC-1743613982632',1),('V-1744166587658','MY1',8,'2025-04-09 02:43:07',125.50,150.00,'FAC-1744166587658',0),('V-1744166587727','MY1',8,'2025-04-09 02:43:07',125.50,150.00,'FAC-1744166587727',0),('V-1744166587789','MY1',8,'2025-04-09 02:43:07',125.50,150.00,'FAC-1744166587789',0),('V-1744166588647','MY1',8,'2025-04-09 02:43:08',125.50,150.00,'FAC-1744166588647',0),('V-1744166588715','MY1',8,'2025-04-09 02:43:08',125.50,150.00,'FAC-1744166588715',0),('V-1744166588783','MY1',8,'2025-04-09 02:43:08',125.50,150.00,'FAC-1744166588783',0),('V-1744166589627','MY1',8,'2025-04-09 02:43:09',125.50,150.00,'FAC-1744166589627',0),('V-1744166589700','MY1',8,'2025-04-09 02:43:09',125.50,150.00,'FAC-1744166589700',0),('V-1744166589769','MY1',8,'2025-04-09 02:43:09',125.50,150.00,'FAC-1744166589769',0),('V-1744166590624','MY1',8,'2025-04-09 02:43:10',125.50,150.00,'FAC-1744166590624',0),('V-1744166590681','MY1',8,'2025-04-09 02:43:10',125.50,150.00,'FAC-1744166590681',0),('V-1744166590751','MY1',8,'2025-04-09 02:43:10',125.50,150.00,'FAC-1744166590751',0),('V-1744166591626','MY1',8,'2025-04-09 02:43:11',125.50,150.00,'FAC-1744166591626',0),('V-1744166591677','MY1',8,'2025-04-09 02:43:11',125.50,150.00,'FAC-1744166591677',0),('V-1744166591743','MY1',8,'2025-04-09 02:43:11',125.50,150.00,'FAC-1744166591743',0),('V-1744166592623','MY1',8,'2025-04-09 02:43:12',125.50,150.00,'FAC-1744166592623',0),('V-1744166592676','MY1',8,'2025-04-09 02:43:12',125.50,150.00,'FAC-1744166592676',0),('V-1744166592740','MY1',8,'2025-04-09 02:43:12',125.50,150.00,'FAC-1744166592740',0),('V-1744166593625','MY1',8,'2025-04-09 02:43:13',125.50,150.00,'FAC-1744166593625',0),('V-1744166593676','MY1',8,'2025-04-09 02:43:13',125.50,150.00,'FAC-1744166593676',0),('V-1744166593739','MY1',8,'2025-04-09 02:43:13',125.50,150.00,'FAC-1744166593739',0),('V-1744166594622','MY1',8,'2025-04-09 02:43:14',125.50,150.00,'FAC-1744166594622',0),('V-1744166594674','MY1',8,'2025-04-09 02:43:14',125.50,150.00,'FAC-1744166594674',0),('V-1744166594737','MY1',8,'2025-04-09 02:43:14',125.50,150.00,'FAC-1744166594737',0),('V-1744166595622','MY1',8,'2025-04-09 02:43:15',125.50,150.00,'FAC-1744166595622',0),('V-1744166595673','MY1',8,'2025-04-09 02:43:15',125.50,150.00,'FAC-1744166595673',0),('V-1744166595737','MY1',8,'2025-04-09 02:43:15',125.50,150.00,'FAC-1744166595737',0),('V-1744166596622','MY1',8,'2025-04-09 02:43:16',125.50,150.00,'FAC-1744166596622',0),('V-1744166596678','MY1',8,'2025-04-09 02:43:16',125.50,150.00,'FAC-1744166596678',0),('V-1744166596740','MY1',8,'2025-04-09 02:43:16',125.50,150.00,'FAC-1744166596740',0),('V-1744166597622','MY1',8,'2025-04-09 02:43:17',125.50,150.00,'FAC-1744166597622',0),('V-1744166597676','MY1',8,'2025-04-09 02:43:17',125.50,150.00,'FAC-1744166597676',0),('V-1744166597740','MY1',8,'2025-04-09 02:43:17',125.50,150.00,'FAC-1744166597740',0),('V-1744166598623','MY1',8,'2025-04-09 02:43:18',125.50,150.00,'FAC-1744166598623',0),('V-1744166598677','MY1',8,'2025-04-09 02:43:18',125.50,150.00,'FAC-1744166598677',0),('V-1744166598741','MY1',8,'2025-04-09 02:43:18',125.50,150.00,'FAC-1744166598741',0),('V-1744166599623','MY1',8,'2025-04-09 02:43:19',125.50,150.00,'FAC-1744166599623',0),('V-1744166599674','MY1',8,'2025-04-09 02:43:19',125.50,150.00,'FAC-1744166599674',0),('V-1744166599737','MY1',8,'2025-04-09 02:43:19',125.50,150.00,'FAC-1744166599737',0),('V-1744166600622','MY1',8,'2025-04-09 02:43:20',125.50,150.00,'FAC-1744166600622',0),('V-1744166600674','MY1',8,'2025-04-09 02:43:20',125.50,150.00,'FAC-1744166600674',0),('V-1744166600739','MY1',8,'2025-04-09 02:43:20',125.50,150.00,'FAC-1744166600739',0),('V-1744167299983','MY1',8,'2025-04-09 02:54:59',125.50,150.00,'FAC-1744167299983',0),('V-1744167300054','MY1',8,'2025-04-09 02:55:00',125.50,150.00,'FAC-1744167300054',0),('V-1744167300096','MY1',8,'2025-04-09 02:55:00',125.50,150.00,'FAC-1744167300096',0),('V-1744167300157','MY1',8,'2025-04-09 02:55:00',125.50,150.00,'FAC-1744167300157',0),('V-1744167300206','MY1',8,'2025-04-09 02:55:00',125.50,150.00,'FAC-1744167300206',0),('V-1744167300972','MY1',8,'2025-04-09 02:55:00',125.50,150.00,'FAC-1744167300972',0),('V-1744167301047','MY1',8,'2025-04-09 02:55:01',125.50,150.00,'FAC-1744167301047',0),('V-1744167301084','MY1',8,'2025-04-09 02:55:01',125.50,150.00,'FAC-1744167301084',0),('V-1744167301148','MY1',8,'2025-04-09 02:55:01',125.50,150.00,'FAC-1744167301148',0),('V-1744167301198','MY1',8,'2025-04-09 02:55:01',125.50,150.00,'FAC-1744167301198',0),('V-1744167301953','MY1',8,'2025-04-09 02:55:01',125.50,150.00,'FAC-1744167301953',0),('V-1744167302034','MY1',8,'2025-04-09 02:55:02',125.50,150.00,'FAC-1744167302034',0),('V-1744167302078','MY1',8,'2025-04-09 02:55:02',125.50,150.00,'FAC-1744167302078',0),('V-1744167302145','MY1',8,'2025-04-09 02:55:02',125.50,150.00,'FAC-1744167302145',0),('V-1744167302180','MY1',8,'2025-04-09 02:55:02',125.50,150.00,'FAC-1744167302181',0),('V-1744167302953','MY1',8,'2025-04-09 02:55:02',125.50,150.00,'FAC-1744167302953',0),('V-1744167303016','MY1',8,'2025-04-09 02:55:03',125.50,150.00,'FAC-1744167303016',0),('V-1744167303066','MY1',8,'2025-04-09 02:55:03',125.50,150.00,'FAC-1744167303066',0),('V-1744167303128','MY1',8,'2025-04-09 02:55:03',125.50,150.00,'FAC-1744167303128',0),('V-1744167303163','MY1',8,'2025-04-09 02:55:03',125.50,150.00,'FAC-1744167303163',0),('V-1744167303946','MY1',8,'2025-04-09 02:55:03',125.50,150.00,'FAC-1744167303946',0),('V-1744167303998','MY1',8,'2025-04-09 02:55:03',125.50,150.00,'FAC-1744167303998',0),('V-1744167304055','MY1',8,'2025-04-09 02:55:04',125.50,150.00,'FAC-1744167304055',0),('V-1744167304110','MY1',8,'2025-04-09 02:55:04',125.50,150.00,'FAC-1744167304110',0),('V-1744167304158','MY1',8,'2025-04-09 02:55:04',125.50,150.00,'FAC-1744167304158',0),('V-1744167304931','MY1',8,'2025-04-09 02:55:04',125.50,150.00,'FAC-1744167304931',0),('V-1744167304991','MY1',8,'2025-04-09 02:55:04',125.50,150.00,'FAC-1744167304991',0),('V-1744167305043','MY1',8,'2025-04-09 02:55:05',125.50,150.00,'FAC-1744167305043',0),('V-1744167305102','MY1',8,'2025-04-09 02:55:05',125.50,150.00,'FAC-1744167305102',0),('V-1744167305157','MY1',8,'2025-04-09 02:55:05',125.50,150.00,'FAC-1744167305157',0),('V-1744167305932','MY1',8,'2025-04-09 02:55:05',125.50,150.00,'FAC-1744167305932',0),('V-1744167305990','MY1',8,'2025-04-09 02:55:05',125.50,150.00,'FAC-1744167305990',0),('V-1744167306047','MY1',8,'2025-04-09 02:55:06',125.50,150.00,'FAC-1744167306047',0),('V-1744167306102','MY1',8,'2025-04-09 02:55:06',125.50,150.00,'FAC-1744167306102',0),('V-1744167306158','MY1',8,'2025-04-09 02:55:06',125.50,150.00,'FAC-1744167306158',0),('V-1744167306930','MY1',8,'2025-04-09 02:55:06',125.50,150.00,'FAC-1744167306930',0),('V-1744167306992','MY1',8,'2025-04-09 02:55:06',125.50,150.00,'FAC-1744167306992',0),('V-1744167307043','MY1',8,'2025-04-09 02:55:07',125.50,150.00,'FAC-1744167307043',0),('V-1744167307103','MY1',8,'2025-04-09 02:55:07',125.50,150.00,'FAC-1744167307103',0),('V-1744167307157','MY1',8,'2025-04-09 02:55:07',125.50,150.00,'FAC-1744167307157',0),('V-1744167307934','MY1',8,'2025-04-09 02:55:07',125.50,150.00,'FAC-1744167307934',0),('V-1744167307993','MY1',8,'2025-04-09 02:55:07',125.50,150.00,'FAC-1744167307993',0),('V-1744167308043','MY1',8,'2025-04-09 02:55:08',125.50,150.00,'FAC-1744167308043',0),('V-1744167308105','MY1',8,'2025-04-09 02:55:08',125.50,150.00,'FAC-1744167308105',0),('V-1744167308157','MY1',8,'2025-04-09 02:55:08',125.50,150.00,'FAC-1744167308157',0),('V-1744167308931','MY1',8,'2025-04-09 02:55:08',125.50,150.00,'FAC-1744167308931',0),('V-1744167308990','MY1',8,'2025-04-09 02:55:08',125.50,150.00,'FAC-1744167308990',0),('V-1744167309042','MY1',8,'2025-04-09 02:55:09',125.50,150.00,'FAC-1744167309042',0),('V-1744167309102','MY1',8,'2025-04-09 02:55:09',125.50,150.00,'FAC-1744167309102',0),('V-1744167309156','MY1',8,'2025-04-09 02:55:09',125.50,150.00,'FAC-1744167309156',0),('V-1744167309930','MY1',8,'2025-04-09 02:55:09',125.50,150.00,'FAC-1744167309930',0),('V-1744167309991','MY1',8,'2025-04-09 02:55:09',125.50,150.00,'FAC-1744167309991',0),('V-1744167310045','MY1',8,'2025-04-09 02:55:10',125.50,150.00,'FAC-1744167310045',0),('V-1744167310103','MY1',8,'2025-04-09 02:55:10',125.50,150.00,'FAC-1744167310103',0),('V-1744167310158','MY1',8,'2025-04-09 02:55:10',125.50,150.00,'FAC-1744167310158',0),('V-1744167310931','MY1',8,'2025-04-09 02:55:10',125.50,150.00,'FAC-1744167310931',0),('V-1744167310992','MY1',8,'2025-04-09 02:55:10',125.50,150.00,'FAC-1744167310992',0),('V-1744167311046','MY1',8,'2025-04-09 02:55:11',125.50,150.00,'FAC-1744167311047',0),('V-1744167311102','MY1',8,'2025-04-09 02:55:11',125.50,150.00,'FAC-1744167311102',0),('V-1744167311159','MY1',8,'2025-04-09 02:55:11',125.50,150.00,'FAC-1744167311159',0),('V-1744167311931','MY1',8,'2025-04-09 02:55:11',125.50,150.00,'FAC-1744167311931',0),('V-1744167311992','MY1',8,'2025-04-09 02:55:11',125.50,150.00,'FAC-1744167311992',0),('V-1744167312044','MY1',8,'2025-04-09 02:55:12',125.50,150.00,'FAC-1744167312044',0),('V-1744167312105','MY1',8,'2025-04-09 02:55:12',125.50,150.00,'FAC-1744167312105',0),('V-1744167312156','MY1',8,'2025-04-09 02:55:12',125.50,150.00,'FAC-1744167312156',0),('V-1744167312931','MY1',8,'2025-04-09 02:55:12',125.50,150.00,'FAC-1744167312931',0),('V-1744167312995','MY1',8,'2025-04-09 02:55:12',125.50,150.00,'FAC-1744167312995',0),('V-1744167313046','MY1',8,'2025-04-09 02:55:13',125.50,150.00,'FAC-1744167313046',0),('V-1744167313103','MY1',8,'2025-04-09 02:55:13',125.50,150.00,'FAC-1744167313103',0),('V-1744167313157','MY1',8,'2025-04-09 02:55:13',125.50,150.00,'FAC-1744167313157',0),('V-1744167313931','MY1',8,'2025-04-09 02:55:13',125.50,150.00,'FAC-1744167313931',0),('V-1744167313990','MY1',8,'2025-04-09 02:55:13',125.50,150.00,'FAC-1744167313990',0),('V-1744167314044','MY1',8,'2025-04-09 02:55:14',125.50,150.00,'FAC-1744167314044',0),('V-1744167314103','MY1',8,'2025-04-09 02:55:14',125.50,150.00,'FAC-1744167314103',0),('V-1744167314156','MY1',8,'2025-04-09 02:55:14',125.50,150.00,'FAC-1744167314156',0),('V-1744167314929','MY1',8,'2025-04-09 02:55:14',125.50,150.00,'FAC-1744167314929',0),('V-1744167314989','MY1',8,'2025-04-09 02:55:14',125.50,150.00,'FAC-1744167314989',0),('V-1744167315043','MY1',8,'2025-04-09 02:55:15',125.50,150.00,'FAC-1744167315043',0),('V-1744167315101','MY1',8,'2025-04-09 02:55:15',125.50,150.00,'FAC-1744167315101',0),('V-1744167315156','MY1',8,'2025-04-09 02:55:15',125.50,150.00,'FAC-1744167315156',0),('V-1744167315928','MY1',8,'2025-04-09 02:55:15',125.50,150.00,'FAC-1744167315928',0),('V-1744167315991','MY1',8,'2025-04-09 02:55:15',125.50,150.00,'FAC-1744167315991',0),('V-1744167316043','MY1',8,'2025-04-09 02:55:16',125.50,150.00,'FAC-1744167316043',0),('V-1744167316102','MY1',8,'2025-04-09 02:55:16',125.50,150.00,'FAC-1744167316102',0),('V-1744167316155','MY1',8,'2025-04-09 02:55:16',125.50,150.00,'FAC-1744167316155',0),('V-1744167316928','MY1',8,'2025-04-09 02:55:16',125.50,150.00,'FAC-1744167316928',0),('V-1744167316990','MY1',8,'2025-04-09 02:55:16',125.50,150.00,'FAC-1744167316990',0),('V-1744167317041','MY1',8,'2025-04-09 02:55:17',125.50,150.00,'FAC-1744167317041',0),('V-1744167317104','MY1',8,'2025-04-09 02:55:17',125.50,150.00,'FAC-1744167317104',0),('V-1744167317155','MY1',8,'2025-04-09 02:55:17',125.50,150.00,'FAC-1744167317155',0),('V-1744167317928','MY1',8,'2025-04-09 02:55:17',125.50,150.00,'FAC-1744167317928',0),('V-1744167317989','MY1',8,'2025-04-09 02:55:17',125.50,150.00,'FAC-1744167317989',0),('V-1744167318041','MY1',8,'2025-04-09 02:55:18',125.50,150.00,'FAC-1744167318041',0),('V-1744167318103','MY1',8,'2025-04-09 02:55:18',125.50,150.00,'FAC-1744167318103',0),('V-1744167318156','MY1',8,'2025-04-09 02:55:18',125.50,150.00,'FAC-1744167318156',0),('V-1744167318930','MY1',8,'2025-04-09 02:55:18',125.50,150.00,'FAC-1744167318930',0),('V-1744167318990','MY1',8,'2025-04-09 02:55:18',125.50,150.00,'FAC-1744167318990',0),('V-1744167319043','MY1',8,'2025-04-09 02:55:19',125.50,150.00,'FAC-1744167319043',0),('V-1744167319101','MY1',8,'2025-04-09 02:55:19',125.50,150.00,'FAC-1744167319101',0),('V-1744167319157','MY1',8,'2025-04-09 02:55:19',125.50,150.00,'FAC-1744167319157',0),('V-1744167319929','MY1',8,'2025-04-09 02:55:19',125.50,150.00,'FAC-1744167319929',0),('V-1744167319990','MY1',8,'2025-04-09 02:55:19',125.50,150.00,'FAC-1744167319990',0),('V-1744167320042','MY1',8,'2025-04-09 02:55:20',125.50,150.00,'FAC-1744167320042',0),('V-1744167320105','MY1',8,'2025-04-09 02:55:20',125.50,150.00,'FAC-1744167320105',0),('V-1744167320156','MY1',8,'2025-04-09 02:55:20',125.50,150.00,'FAC-1744167320156',0),('V-1744167320928','MY1',8,'2025-04-09 02:55:20',125.50,150.00,'FAC-1744167320928',0),('V-1744167320991','MY1',8,'2025-04-09 02:55:20',125.50,150.00,'FAC-1744167320991',0),('V-1744167321041','MY1',8,'2025-04-09 02:55:21',125.50,150.00,'FAC-1744167321041',0),('V-1744167321101','MY1',8,'2025-04-09 02:55:21',125.50,150.00,'FAC-1744167321101',0),('V-1744167321156','MY1',8,'2025-04-09 02:55:21',125.50,150.00,'FAC-1744167321156',0),('V-1744167321928','MY1',8,'2025-04-09 02:55:21',125.50,150.00,'FAC-1744167321928',0),('V-1744167321988','MY1',8,'2025-04-09 02:55:21',125.50,150.00,'FAC-1744167321988',0),('V-1744167322041','MY1',8,'2025-04-09 02:55:22',125.50,150.00,'FAC-1744167322041',0),('V-1744167322102','MY1',8,'2025-04-09 02:55:22',125.50,150.00,'FAC-1744167322102',0),('V-1744167322155','MY1',8,'2025-04-09 02:55:22',125.50,150.00,'FAC-1744167322155',0),('V-1744167322927','MY1',8,'2025-04-09 02:55:22',125.50,150.00,'FAC-1744167322927',0),('V-1744167322989','MY1',8,'2025-04-09 02:55:22',125.50,150.00,'FAC-1744167322989',0),('V-1744167323041','MY1',8,'2025-04-09 02:55:23',125.50,150.00,'FAC-1744167323041',0),('V-1744167323101','MY1',8,'2025-04-09 02:55:23',125.50,150.00,'FAC-1744167323101',0),('V-1744167323155','MY1',8,'2025-04-09 02:55:23',125.50,150.00,'FAC-1744167323155',0),('V-1744167323929','MY1',8,'2025-04-09 02:55:23',125.50,150.00,'FAC-1744167323929',0),('V-1744167323993','MY1',8,'2025-04-09 02:55:23',125.50,150.00,'FAC-1744167323993',0),('V-1744167324042','MY1',8,'2025-04-09 02:55:24',125.50,150.00,'FAC-1744167324042',0),('V-1744167324101','MY1',8,'2025-04-09 02:55:24',125.50,150.00,'FAC-1744167324101',0),('V-1744167324155','MY1',8,'2025-04-09 02:55:24',125.50,150.00,'FAC-1744167324155',0),('V-1744167324927','MY1',8,'2025-04-09 02:55:24',125.50,150.00,'FAC-1744167324927',0),('V-1744167324989','MY1',8,'2025-04-09 02:55:24',125.50,150.00,'FAC-1744167324989',0),('V-1744167325042','MY1',8,'2025-04-09 02:55:25',125.50,150.00,'FAC-1744167325042',0),('V-1744167325101','MY1',8,'2025-04-09 02:55:25',125.50,150.00,'FAC-1744167325101',0),('V-1744167325155','MY1',8,'2025-04-09 02:55:25',125.50,150.00,'FAC-1744167325155',0),('V-1744167325927','MY1',8,'2025-04-09 02:55:25',125.50,150.00,'FAC-1744167325927',0),('V-1744167325990','MY1',8,'2025-04-09 02:55:25',125.50,150.00,'FAC-1744167325990',0),('V-1744167326041','MY1',8,'2025-04-09 02:55:26',125.50,150.00,'FAC-1744167326041',0),('V-1744167326100','MY1',8,'2025-04-09 02:55:26',125.50,150.00,'FAC-1744167326100',0),('V-1744167326155','MY1',8,'2025-04-09 02:55:26',125.50,150.00,'FAC-1744167326155',0),('V-1744167326928','MY1',8,'2025-04-09 02:55:26',125.50,150.00,'FAC-1744167326928',0),('V-1744167326989','MY1',8,'2025-04-09 02:55:26',125.50,150.00,'FAC-1744167326989',0),('V-1744167327043','MY1',8,'2025-04-09 02:55:27',125.50,150.00,'FAC-1744167327043',0),('V-1744167327104','MY1',8,'2025-04-09 02:55:27',125.50,150.00,'FAC-1744167327104',0),('V-1744167327156','MY1',8,'2025-04-09 02:55:27',125.50,150.00,'FAC-1744167327156',0),('V-1744167327929','MY1',8,'2025-04-09 02:55:27',125.50,150.00,'FAC-1744167327929',0),('V-1744167327990','MY1',8,'2025-04-09 02:55:27',125.50,150.00,'FAC-1744167327990',0),('V-1744167328042','MY1',8,'2025-04-09 02:55:28',125.50,150.00,'FAC-1744167328042',0),('V-1744167328101','MY1',8,'2025-04-09 02:55:28',125.50,150.00,'FAC-1744167328101',0),('V-1744167328169','MY1',8,'2025-04-09 02:55:28',125.50,150.00,'FAC-1744167328169',0),('V-1744167328928','MY1',8,'2025-04-09 02:55:28',125.50,150.00,'FAC-1744167328928',0),('V-1744167328988','MY1',8,'2025-04-09 02:55:28',125.50,150.00,'FAC-1744167328988',0),('V-1744167329041','MY1',8,'2025-04-09 02:55:29',125.50,150.00,'FAC-1744167329041',0),('V-1744167329100','MY1',8,'2025-04-09 02:55:29',125.50,150.00,'FAC-1744167329100',0),('V-1744167329157','MY1',8,'2025-04-09 02:55:29',125.50,150.00,'FAC-1744167329157',0),('V-1744167329928','MY1',8,'2025-04-09 02:55:29',125.50,150.00,'FAC-1744167329928',0),('V-1744167329990','MY1',8,'2025-04-09 02:55:29',125.50,150.00,'FAC-1744167329990',0),('V-1744167330041','MY1',8,'2025-04-09 02:55:30',125.50,150.00,'FAC-1744167330041',0),('V-1744167330101','MY1',8,'2025-04-09 02:55:30',125.50,150.00,'FAC-1744167330101',0),('V-1744167330156','MY1',8,'2025-04-09 02:55:30',125.50,150.00,'FAC-1744167330156',0),('V-1744167330928','MY1',8,'2025-04-09 02:55:30',125.50,150.00,'FAC-1744167330928',0),('V-1744167330989','MY1',8,'2025-04-09 02:55:30',125.50,150.00,'FAC-1744167330989',0),('V-1744167331042','MY1',8,'2025-04-09 02:55:31',125.50,150.00,'FAC-1744167331042',0),('V-1744167331100','MY1',8,'2025-04-09 02:55:31',125.50,150.00,'FAC-1744167331100',0),('V-1744167331155','MY1',8,'2025-04-09 02:55:31',125.50,150.00,'FAC-1744167331155',0),('V-1744167331929','MY1',8,'2025-04-09 02:55:31',125.50,150.00,'FAC-1744167331929',0),('V-1744167331991','MY1',8,'2025-04-09 02:55:31',125.50,150.00,'FAC-1744167331991',0),('V-1744167332042','MY1',8,'2025-04-09 02:55:32',125.50,150.00,'FAC-1744167332042',0),('V-1744167332101','MY1',8,'2025-04-09 02:55:32',125.50,150.00,'FAC-1744167332101',0),('V-1744167332156','MY1',8,'2025-04-09 02:55:32',125.50,150.00,'FAC-1744167332156',0),('V-1744167332928','MY1',8,'2025-04-09 02:55:32',125.50,150.00,'FAC-1744167332928',0),('V-1744167332989','MY1',8,'2025-04-09 02:55:32',125.50,150.00,'FAC-1744167332989',0),('V-1744167333043','MY1',8,'2025-04-09 02:55:33',125.50,150.00,'FAC-1744167333043',0),('V-1744167333101','MY1',8,'2025-04-09 02:55:33',125.50,150.00,'FAC-1744167333101',0),('V-1744167333156','MY1',8,'2025-04-09 02:55:33',125.50,150.00,'FAC-1744167333156',0),('V-1744167333928','MY1',8,'2025-04-09 02:55:33',125.50,150.00,'FAC-1744167333928',0),('V-1744167333989','MY1',8,'2025-04-09 02:55:33',125.50,150.00,'FAC-1744167333989',0),('V-1744167334042','MY1',8,'2025-04-09 02:55:34',125.50,150.00,'FAC-1744167334042',0),('V-1744167334100','MY1',8,'2025-04-09 02:55:34',125.50,150.00,'FAC-1744167334100',0),('V-1744167334155','MY1',8,'2025-04-09 02:55:34',125.50,150.00,'FAC-1744167334155',0),('V-1744167334927','MY1',8,'2025-04-09 02:55:34',125.50,150.00,'FAC-1744167334927',0),('V-1744167334989','MY1',8,'2025-04-09 02:55:34',125.50,150.00,'FAC-1744167334989',0),('V-1744167335041','MY1',8,'2025-04-09 02:55:35',125.50,150.00,'FAC-1744167335041',0),('V-1744167335101','MY1',8,'2025-04-09 02:55:35',125.50,150.00,'FAC-1744167335101',0),('V-1744167335155','MY1',8,'2025-04-09 02:55:35',125.50,150.00,'FAC-1744167335155',0),('V-1744167335927','MY1',8,'2025-04-09 02:55:35',125.50,150.00,'FAC-1744167335927',0),('V-1744167335990','MY1',8,'2025-04-09 02:55:35',125.50,150.00,'FAC-1744167335990',0),('V-1744167336041','MY1',8,'2025-04-09 02:55:36',125.50,150.00,'FAC-1744167336041',0),('V-1744167336100','MY1',8,'2025-04-09 02:55:36',125.50,150.00,'FAC-1744167336100',0),('V-1744167336155','MY1',8,'2025-04-09 02:55:36',125.50,150.00,'FAC-1744167336155',0),('V-1744167336928','MY1',8,'2025-04-09 02:55:36',125.50,150.00,'FAC-1744167336928',0),('V-1744167336989','MY1',8,'2025-04-09 02:55:36',125.50,150.00,'FAC-1744167336989',0),('V-1744167337041','MY1',8,'2025-04-09 02:55:37',125.50,150.00,'FAC-1744167337041',0),('V-1744167337101','MY1',8,'2025-04-09 02:55:37',125.50,150.00,'FAC-1744167337101',0),('V-1744167337155','MY1',8,'2025-04-09 02:55:37',125.50,150.00,'FAC-1744167337155',0),('V-1744167337928','MY1',8,'2025-04-09 02:55:37',125.50,150.00,'FAC-1744167337928',0),('V-1744167337989','MY1',8,'2025-04-09 02:55:37',125.50,150.00,'FAC-1744167337989',0),('V-1744167338041','MY1',8,'2025-04-09 02:55:38',125.50,150.00,'FAC-1744167338041',0),('V-1744167338100','MY1',8,'2025-04-09 02:55:38',125.50,150.00,'FAC-1744167338100',0),('V-1744167338155','MY1',8,'2025-04-09 02:55:38',125.50,150.00,'FAC-1744167338155',0),('V-1744167338928','MY1',8,'2025-04-09 02:55:38',125.50,150.00,'FAC-1744167338928',0),('V-1744167338989','MY1',8,'2025-04-09 02:55:38',125.50,150.00,'FAC-1744167338989',0),('V-1744167339041','MY1',8,'2025-04-09 02:55:39',125.50,150.00,'FAC-1744167339041',0),('V-1744167339101','MY1',8,'2025-04-09 02:55:39',125.50,150.00,'FAC-1744167339101',0),('V-1744167339155','MY1',8,'2025-04-09 02:55:39',125.50,150.00,'FAC-1744167339155',0),('V-1744167339929','MY1',8,'2025-04-09 02:55:39',125.50,150.00,'FAC-1744167339929',0),('V-1744167339991','MY1',8,'2025-04-09 02:55:39',125.50,150.00,'FAC-1744167339991',0),('V-1744167340042','MY1',8,'2025-04-09 02:55:40',125.50,150.00,'FAC-1744167340042',0),('V-1744167340100','MY1',8,'2025-04-09 02:55:40',125.50,150.00,'FAC-1744167340100',0),('V-1744167340155','MY1',8,'2025-04-09 02:55:40',125.50,150.00,'FAC-1744167340155',0),('V-1744167340933','MY1',8,'2025-04-09 02:55:40',125.50,150.00,'FAC-1744167340933',0),('V-1744167340989','MY1',8,'2025-04-09 02:55:40',125.50,150.00,'FAC-1744167340989',0),('V-1744167341041','MY1',8,'2025-04-09 02:55:41',125.50,150.00,'FAC-1744167341041',0),('V-1744167341101','MY1',8,'2025-04-09 02:55:41',125.50,150.00,'FAC-1744167341101',0),('V-1744167341155','MY1',8,'2025-04-09 02:55:41',125.50,150.00,'FAC-1744167341155',0),('V-1744167341928','MY1',8,'2025-04-09 02:55:41',125.50,150.00,'FAC-1744167341928',0),('V-1744167341990','MY1',8,'2025-04-09 02:55:41',125.50,150.00,'FAC-1744167341990',0),('V-1744167342042','MY1',8,'2025-04-09 02:55:42',125.50,150.00,'FAC-1744167342042',0),('V-1744167342101','MY1',8,'2025-04-09 02:55:42',125.50,150.00,'FAC-1744167342101',0),('V-1744167342155','MY1',8,'2025-04-09 02:55:42',125.50,150.00,'FAC-1744167342155',0),('V-1744167342928','MY1',8,'2025-04-09 02:55:42',125.50,150.00,'FAC-1744167342928',0),('V-1744167342989','MY1',8,'2025-04-09 02:55:42',125.50,150.00,'FAC-1744167342989',0),('V-1744167343041','MY1',8,'2025-04-09 02:55:43',125.50,150.00,'FAC-1744167343041',0),('V-1744167343100','MY1',8,'2025-04-09 02:55:43',125.50,150.00,'FAC-1744167343100',0),('V-1744167343155','MY1',8,'2025-04-09 02:55:43',125.50,150.00,'FAC-1744167343155',0),('V-1744167343929','MY1',8,'2025-04-09 02:55:43',125.50,150.00,'FAC-1744167343929',0),('V-1744167343991','MY1',8,'2025-04-09 02:55:43',125.50,150.00,'FAC-1744167343991',0),('V-1744167344041','MY1',8,'2025-04-09 02:55:44',125.50,150.00,'FAC-1744167344041',0),('V-1744167344102','MY1',8,'2025-04-09 02:55:44',125.50,150.00,'FAC-1744167344102',0),('V-1744167344155','MY1',8,'2025-04-09 02:55:44',125.50,150.00,'FAC-1744167344155',0),('V-1744167344928','MY1',8,'2025-04-09 02:55:44',125.50,150.00,'FAC-1744167344928',0),('V-1744167344990','MY1',8,'2025-04-09 02:55:44',125.50,150.00,'FAC-1744167344990',0),('V-1744167345042','MY1',8,'2025-04-09 02:55:45',125.50,150.00,'FAC-1744167345042',0),('V-1744167345100','MY1',8,'2025-04-09 02:55:45',125.50,150.00,'FAC-1744167345100',0),('V-1744167345156','MY1',8,'2025-04-09 02:55:45',125.50,150.00,'FAC-1744167345156',0),('V-1744167345931','MY1',8,'2025-04-09 02:55:45',125.50,150.00,'FAC-1744167345931',0),('V-1744167345993','MY1',8,'2025-04-09 02:55:45',125.50,150.00,'FAC-1744167345993',0),('V-1744167346044','MY1',8,'2025-04-09 02:55:46',125.50,150.00,'FAC-1744167346044',0),('V-1744167346102','MY1',8,'2025-04-09 02:55:46',125.50,150.00,'FAC-1744167346102',0),('V-1744167346156','MY1',8,'2025-04-09 02:55:46',125.50,150.00,'FAC-1744167346156',0),('V-1744167346928','MY1',8,'2025-04-09 02:55:46',125.50,150.00,'FAC-1744167346928',0),('V-1744167346989','MY1',8,'2025-04-09 02:55:46',125.50,150.00,'FAC-1744167346989',0),('V-1744167347043','MY1',8,'2025-04-09 02:55:47',125.50,150.00,'FAC-1744167347043',0),('V-1744167347100','MY1',8,'2025-04-09 02:55:47',125.50,150.00,'FAC-1744167347100',0),('V-1744167347155','MY1',8,'2025-04-09 02:55:47',125.50,150.00,'FAC-1744167347155',0),('V-1744167347930','MY1',8,'2025-04-09 02:55:47',125.50,150.00,'FAC-1744167347930',0),('V-1744167347991','MY1',8,'2025-04-09 02:55:47',125.50,150.00,'FAC-1744167347991',0),('V-1744167348043','MY1',8,'2025-04-09 02:55:48',125.50,150.00,'FAC-1744167348043',0),('V-1744167348101','MY1',8,'2025-04-09 02:55:48',125.50,150.00,'FAC-1744167348101',0),('V-1744167348157','MY1',8,'2025-04-09 02:55:48',125.50,150.00,'FAC-1744167348157',0),('V-1744167348929','MY1',8,'2025-04-09 02:55:48',125.50,150.00,'FAC-1744167348929',0),('V-1744167348994','MY1',8,'2025-04-09 02:55:48',125.50,150.00,'FAC-1744167348994',0),('V-1744167349042','MY1',8,'2025-04-09 02:55:49',125.50,150.00,'FAC-1744167349042',0),('V-1744167349101','MY1',8,'2025-04-09 02:55:49',125.50,150.00,'FAC-1744167349101',0),('V-1744167349155','MY1',8,'2025-04-09 02:55:49',125.50,150.00,'FAC-1744167349155',0),('V-1744167349929','MY1',8,'2025-04-09 02:55:49',125.50,150.00,'FAC-1744167349929',0),('V-1744167349989','MY1',8,'2025-04-09 02:55:49',125.50,150.00,'FAC-1744167349989',0),('V-1744167350041','MY1',8,'2025-04-09 02:55:50',125.50,150.00,'FAC-1744167350041',0),('V-1744167350100','MY1',8,'2025-04-09 02:55:50',125.50,150.00,'FAC-1744167350100',0),('V-1744167350155','MY1',8,'2025-04-09 02:55:50',125.50,150.00,'FAC-1744167350155',0),('V-1744167350930','MY1',8,'2025-04-09 02:55:50',125.50,150.00,'FAC-1744167350930',0),('V-1744167350991','MY1',8,'2025-04-09 02:55:50',125.50,150.00,'FAC-1744167350991',0),('V-1744167351043','MY1',8,'2025-04-09 02:55:51',125.50,150.00,'FAC-1744167351043',0),('V-1744167351102','MY1',8,'2025-04-09 02:55:51',125.50,150.00,'FAC-1744167351102',0),('V-1744167351159','MY1',8,'2025-04-09 02:55:51',125.50,150.00,'FAC-1744167351159',0),('V-1744167351929','MY1',8,'2025-04-09 02:55:51',125.50,150.00,'FAC-1744167351929',0),('V-1744167351991','MY1',8,'2025-04-09 02:55:51',125.50,150.00,'FAC-1744167351991',0),('V-1744167352043','MY1',8,'2025-04-09 02:55:52',125.50,150.00,'FAC-1744167352043',0),('V-1744167352103','MY1',8,'2025-04-09 02:55:52',125.50,150.00,'FAC-1744167352103',0),('V-1744167352157','MY1',8,'2025-04-09 02:55:52',125.50,150.00,'FAC-1744167352157',0),('V-1744167352930','MY1',8,'2025-04-09 02:55:52',125.50,150.00,'FAC-1744167352930',0),('V-1744167352991','MY1',8,'2025-04-09 02:55:52',125.50,150.00,'FAC-1744167352991',0),('V-1744167353044','MY1',8,'2025-04-09 02:55:53',125.50,150.00,'FAC-1744167353044',0),('V-1744167353103','MY1',8,'2025-04-09 02:55:53',125.50,150.00,'FAC-1744167353103',0),('V-1744167353156','MY1',8,'2025-04-09 02:55:53',125.50,150.00,'FAC-1744167353156',0),('V-1744167353929','MY1',8,'2025-04-09 02:55:53',125.50,150.00,'FAC-1744167353929',0),('V-1744167353990','MY1',8,'2025-04-09 02:55:53',125.50,150.00,'FAC-1744167353990',0),('V-1744167354042','MY1',8,'2025-04-09 02:55:54',125.50,150.00,'FAC-1744167354042',0),('V-1744167354102','MY1',8,'2025-04-09 02:55:54',125.50,150.00,'FAC-1744167354102',0),('V-1744167354157','MY1',8,'2025-04-09 02:55:54',125.50,150.00,'FAC-1744167354157',0),('V-1744167354930','MY1',8,'2025-04-09 02:55:54',125.50,150.00,'FAC-1744167354930',0),('V-1744167354990','MY1',8,'2025-04-09 02:55:54',125.50,150.00,'FAC-1744167354990',0),('V-1744167355042','MY1',8,'2025-04-09 02:55:55',125.50,150.00,'FAC-1744167355042',0),('V-1744167355102','MY1',8,'2025-04-09 02:55:55',125.50,150.00,'FAC-1744167355102',0),('V-1744167355158','MY1',8,'2025-04-09 02:55:55',125.50,150.00,'FAC-1744167355158',0),('V-1744167355927','MY1',8,'2025-04-09 02:55:55',125.50,150.00,'FAC-1744167355927',0),('V-1744167355988','MY1',8,'2025-04-09 02:55:55',125.50,150.00,'FAC-1744167355989',0),('V-1744167356041','MY1',8,'2025-04-09 02:55:56',125.50,150.00,'FAC-1744167356041',0),('V-1744167356101','MY1',8,'2025-04-09 02:55:56',125.50,150.00,'FAC-1744167356101',0),('V-1744167356156','MY1',8,'2025-04-09 02:55:56',125.50,150.00,'FAC-1744167356156',0),('V-1744167356929','MY1',8,'2025-04-09 02:55:56',125.50,150.00,'FAC-1744167356929',0),('V-1744167356990','MY1',8,'2025-04-09 02:55:56',125.50,150.00,'FAC-1744167356990',0),('V-1744167357043','MY1',8,'2025-04-09 02:55:57',125.50,150.00,'FAC-1744167357043',0),('V-1744167357101','MY1',8,'2025-04-09 02:55:57',125.50,150.00,'FAC-1744167357101',0),('V-1744167357156','MY1',8,'2025-04-09 02:55:57',125.50,150.00,'FAC-1744167357156',0),('V-1744167357931','MY1',8,'2025-04-09 02:55:57',125.50,150.00,'FAC-1744167357931',0),('V-1744167357989','MY1',8,'2025-04-09 02:55:57',125.50,150.00,'FAC-1744167357989',0),('V-1744167358041','MY1',8,'2025-04-09 02:55:58',125.50,150.00,'FAC-1744167358041',0),('V-1744167358101','MY1',8,'2025-04-09 02:55:58',125.50,150.00,'FAC-1744167358101',0),('V-1744167358156','MY1',8,'2025-04-09 02:55:58',125.50,150.00,'FAC-1744167358156',0),('V-1744167358929','MY1',8,'2025-04-09 02:55:58',125.50,150.00,'FAC-1744167358929',0),('V-1744167358990','MY1',8,'2025-04-09 02:55:58',125.50,150.00,'FAC-1744167358990',0),('V-1744167359042','MY1',8,'2025-04-09 02:55:59',125.50,150.00,'FAC-1744167359042',0),('V-1744167359102','MY1',8,'2025-04-09 02:55:59',125.50,150.00,'FAC-1744167359102',0),('V-1744167359156','MY1',8,'2025-04-09 02:55:59',125.50,150.00,'FAC-1744167359156',0),('V-1744167470503','MY1',8,'2025-04-09 02:57:50',125.50,150.00,'FAC-1744167470503',0),('V-1744218769398','MY1',8,'2025-04-09 17:12:49',125.50,150.00,'FAC-1744218769398',0),('V-1744219545849','MY1',8,'2025-04-09 17:25:45',125.50,150.00,'FAC-1744219545849',0),('V-1744219547652','MY1',8,'2025-04-09 17:25:47',125.50,150.00,'FAC-1744219547652',0),('V-1744219547763','MY1',8,'2025-04-09 17:25:47',125.50,150.00,'FAC-1744219547763',0),('V-1744219547875','MY1',8,'2025-04-09 17:25:47',125.50,150.00,'FAC-1744219547875',0),('V-1744219548711','MY1',8,'2025-04-09 17:25:48',125.50,150.00,'FAC-1744219548711',0),('V-1744219549820','MY1',8,'2025-04-09 17:25:49',125.50,150.00,'FAC-1744219549820',0),('V-1744219549874','MY1',8,'2025-04-09 17:25:49',125.50,150.00,'FAC-1744219549874',0),('V-1744219552710','MY1',8,'2025-04-09 17:25:52',125.50,150.00,'FAC-1744219552710',0),('V-1744219553647','MY1',8,'2025-04-09 17:25:53',125.50,150.00,'FAC-1744219553647',0),('V-1744219554821','MY1',8,'2025-04-09 17:25:54',125.50,150.00,'FAC-1744219554821',0),('V-1744219557647','MY1',8,'2025-04-09 17:25:57',125.50,150.00,'FAC-1744219557647',0),('V-1744219557710','MY1',8,'2025-04-09 17:25:57',125.50,150.00,'FAC-1744219557710',0),('V-1744219558820','MY1',8,'2025-04-09 17:25:58',125.50,150.00,'FAC-1744219558820',0),('V-1744219559759','MY1',8,'2025-04-09 17:25:59',125.50,150.00,'FAC-1744219559759',0),('V-1744219559821','MY1',8,'2025-04-09 17:25:59',125.50,150.00,'FAC-1744219559821',0),('V-1744219560820','MY1',8,'2025-04-09 17:26:00',125.50,150.00,'FAC-1744219560820',0),('V-1744219561646','MY1',8,'2025-04-09 17:26:01',125.50,150.00,'FAC-1744219561646',0),('V-1744219561821','MY1',8,'2025-04-09 17:26:01',125.50,150.00,'FAC-1744219561821',0),('V-1744219564646','MY1',8,'2025-04-09 17:26:04',125.50,150.00,'FAC-1744219564646',0),('V-1744219564820','MY1',8,'2025-04-09 17:26:04',125.50,150.00,'FAC-1744219564820',0),('V-1744219565709','MY1',8,'2025-04-09 17:26:05',125.50,150.00,'FAC-1744219565709',0),('V-1744219566646','MY1',8,'2025-04-09 17:26:06',125.50,150.00,'FAC-1744219566646',0),('V-1744219567758','MY1',8,'2025-04-09 17:26:07',125.50,150.00,'FAC-1744219567759',0),('V-1744219567873','MY1',8,'2025-04-09 17:26:07',125.50,150.00,'FAC-1744219567873',0),('V-1744219568653','MY1',8,'2025-04-09 17:26:08',125.50,150.00,'FAC-1744219568653',0),('V-1744219568873','MY1',8,'2025-04-09 17:26:08',125.50,150.00,'FAC-1744219568873',0),('V-1744219569709','MY1',8,'2025-04-09 17:26:09',125.50,150.00,'FAC-1744219569709',0),('V-1744219573820','MY1',8,'2025-04-09 17:26:13',125.50,150.00,'FAC-1744219573820',0),('V-1744219573889','MY1',8,'2025-04-09 17:26:13',125.50,150.00,'FAC-1744219573889',0),('V-1744219575708','MY1',8,'2025-04-09 17:26:15',125.50,150.00,'FAC-1744219575708',0),('V-1744219576645','MY1',8,'2025-04-09 17:26:16',125.50,150.00,'FAC-1744219576645',0),('V-1744219576759','MY1',8,'2025-04-09 17:26:16',125.50,150.00,'FAC-1744219576759',0),('V-1744219579645','MY1',8,'2025-04-09 17:26:19',125.50,150.00,'FAC-1744219579645',0),('V-1744219579820','MY1',8,'2025-04-09 17:26:19',125.50,150.00,'FAC-1744219579820',0),('V-1744219580820','MY1',8,'2025-04-09 17:26:20',125.50,150.00,'FAC-1744219580820',0),('V-1744219581708','MY1',8,'2025-04-09 17:26:21',125.50,150.00,'FAC-1744219581708',0),('V-1744219582646','MY1',8,'2025-04-09 17:26:22',125.50,150.00,'FAC-1744219582646',0),('V-1744219583873','MY1',8,'2025-04-09 17:26:23',125.50,150.00,'FAC-1744219583873',0),('V-1744219584646','MY1',8,'2025-04-09 17:26:24',125.50,150.00,'FAC-1744219584646',0),('V-1744219584708','MY1',8,'2025-04-09 17:26:24',125.50,150.00,'FAC-1744219584708',0),('V-1744219584759','MY1',8,'2025-04-09 17:26:24',125.50,150.00,'FAC-1744219584759',0),('V-1744219585873','MY1',8,'2025-04-09 17:26:25',125.50,150.00,'FAC-1744219585873',0),('V-1744219589708','MY1',8,'2025-04-09 17:26:29',125.50,150.00,'FAC-1744219589708',0),('V-1744219589759','MY1',8,'2025-04-09 17:26:29',125.50,150.00,'FAC-1744219589759',0),('V-1744219589821','MY1',8,'2025-04-09 17:26:29',125.50,150.00,'FAC-1744219589821',0),('V-1744219591820','MY1',8,'2025-04-09 17:26:31',125.50,150.00,'FAC-1744219591820',0),('V-1744219592708','MY1',8,'2025-04-09 17:26:32',125.50,150.00,'FAC-1744219592708',0),('V-1744219592873','MY1',8,'2025-04-09 17:26:32',125.50,150.00,'FAC-1744219592873',0),('V-1744219593820','MY1',8,'2025-04-09 17:26:33',125.50,150.00,'FAC-1744219593820',0),('V-1744219594820','MY1',8,'2025-04-09 17:26:34',125.50,150.00,'FAC-1744219594820',0),('V-1744219594872','MY1',8,'2025-04-09 17:26:34',125.50,150.00,'FAC-1744219594872',0),('V-1744219596645','MY1',8,'2025-04-09 17:26:36',125.50,150.00,'FAC-1744219596645',0),('V-1744219598645','MY1',8,'2025-04-09 17:26:38',125.50,150.00,'FAC-1744219598645',0),('V-1744219598709','MY1',8,'2025-04-09 17:26:38',125.50,150.00,'FAC-1744219598709',0),('V-1744219598820','MY1',8,'2025-04-09 17:26:38',125.50,150.00,'FAC-1744219598820',0),('V-1744219599645','MY1',8,'2025-04-09 17:26:39',125.50,150.00,'FAC-1744219599645',0),('V-1744219600645','MY1',8,'2025-04-09 17:26:40',125.50,150.00,'FAC-1744219600645',0),('V-1744219600708','MY1',8,'2025-04-09 17:26:40',125.50,150.00,'FAC-1744219600708',0),('V-1744219601645','MY1',8,'2025-04-09 17:26:41',125.50,150.00,'FAC-1744219601645',0),('V-1744219602645','MY1',8,'2025-04-09 17:26:42',125.50,150.00,'FAC-1744219602645',0),('V-1744219602820','MY1',8,'2025-04-09 17:26:42',125.50,150.00,'FAC-1744219602820',0),('V-1744219602875','MY1',8,'2025-04-09 17:26:42',125.50,150.00,'FAC-1744219602875',0),('V-1744219603645','MY1',8,'2025-04-09 17:26:43',125.50,150.00,'FAC-1744219603645',0),('V-1744219603749','MY1',8,'2025-04-09 17:26:43',125.50,150.00,'FAC-1744219603749',0),('V-1744219604759','MY1',8,'2025-04-09 17:26:44',125.50,150.00,'FAC-1744219604759',0),('V-1744219604820','MY1',8,'2025-04-09 17:26:44',125.50,150.00,'FAC-1744219604820',0);
/*!40000 ALTER TABLE `venta` ENABLE KEYS */;
UNLOCK TABLES;
/*!40103 SET TIME_ZONE=@OLD_TIME_ZONE */;

/*!40101 SET SQL_MODE=@OLD_SQL_MODE */;
/*!40014 SET FOREIGN_KEY_CHECKS=@OLD_FOREIGN_KEY_CHECKS */;
/*!40014 SET UNIQUE_CHECKS=@OLD_UNIQUE_CHECKS */;
/*!40101 SET CHARACTER_SET_CLIENT=@OLD_CHARACTER_SET_CLIENT */;
/*!40101 SET CHARACTER_SET_RESULTS=@OLD_CHARACTER_SET_RESULTS */;
/*!40101 SET COLLATION_CONNECTION=@OLD_COLLATION_CONNECTION */;
/*!40111 SET SQL_NOTES=@OLD_SQL_NOTES */;

-- Dump completed on 2025-04-09 14:39:27
