CREATE DATABASE  IF NOT EXISTS `maya` /*!40100 DEFAULT CHARACTER SET utf8mb4 COLLATE utf8mb4_0900_ai_ci */ /*!80016 DEFAULT ENCRYPTION='N' */;
USE `maya`;
-- MySQL dump 10.13  Distrib 8.0.42, for Win64 (x86_64)
--
-- Host: 127.0.0.1    Database: maya
-- ------------------------------------------------------
-- Server version	8.0.42

/*!40101 SET @OLD_CHARACTER_SET_CLIENT=@@CHARACTER_SET_CLIENT */;
/*!40101 SET @OLD_CHARACTER_SET_RESULTS=@@CHARACTER_SET_RESULTS */;
/*!40101 SET @OLD_COLLATION_CONNECTION=@@COLLATION_CONNECTION */;
/*!50503 SET NAMES utf8 */;
/*!40103 SET @OLD_TIME_ZONE=@@TIME_ZONE */;
/*!40103 SET TIME_ZONE='+00:00' */;
/*!40014 SET @OLD_UNIQUE_CHECKS=@@UNIQUE_CHECKS, UNIQUE_CHECKS=0 */;
/*!40014 SET @OLD_FOREIGN_KEY_CHECKS=@@FOREIGN_KEY_CHECKS, FOREIGN_KEY_CHECKS=0 */;
/*!40101 SET @OLD_SQL_MODE=@@SQL_MODE, SQL_MODE='NO_AUTO_VALUE_ON_ZERO' */;
/*!40111 SET @OLD_SQL_NOTES=@@SQL_NOTES, SQL_NOTES=0 */;

--
-- Table structure for table `categoria`
--

DROP TABLE IF EXISTS `categoria`;
/*!40101 SET @saved_cs_client     = @@character_set_client */;
/*!50503 SET character_set_client = utf8mb4 */;
CREATE TABLE `categoria` (
  `categoria_id` int NOT NULL AUTO_INCREMENT,
  `nombre` varchar(255) NOT NULL,
  `descripcion` varchar(255) DEFAULT NULL,
  `descuento` int DEFAULT NULL,
  `dia_descuento` enum('LUNES','MARTES','MIERCOLES','JUEVES','VIERNES','SABADO','DOMINGO') DEFAULT NULL,
  PRIMARY KEY (`categoria_id`)
) ENGINE=InnoDB AUTO_INCREMENT=9 DEFAULT CHARSET=utf8mb4 COLLATE=utf8mb4_0900_ai_ci;
/*!40101 SET character_set_client = @saved_cs_client */;

--
-- Dumping data for table `categoria`
--

LOCK TABLES `categoria` WRITE;
/*!40000 ALTER TABLE `categoria` DISABLE KEYS */;
INSERT INTO `categoria` VALUES (5,'Sin receta','Solidos',5,NULL),(6,'Con receta','Solidos',15,NULL),(7,'Bebidas','Bebidas en gral',10,NULL);
/*!40000 ALTER TABLE `categoria` ENABLE KEYS */;
UNLOCK TABLES;

--
-- Table structure for table `detalle_venta`
--

DROP TABLE IF EXISTS `detalle_venta`;
/*!40101 SET @saved_cs_client     = @@character_set_client */;
/*!50503 SET character_set_client = utf8mb4 */;
CREATE TABLE `detalle_venta` (
  `detalle_venta_id` int NOT NULL AUTO_INCREMENT,
  `venta_id` varchar(20) DEFAULT NULL,
  `codigo_barras` varchar(50) DEFAULT NULL,
  `usuario_id` int DEFAULT NULL,
  `sucursal_id` varchar(10) DEFAULT NULL,
  `cantidad` int NOT NULL,
  `precio_unitario` decimal(10,2) NOT NULL,
  `subtotal` decimal(10,2) NOT NULL,
  `descuento` decimal(10,2) DEFAULT '0.00',
  PRIMARY KEY (`detalle_venta_id`),
  KEY `venta_id` (`venta_id`),
  KEY `codigo_barras` (`codigo_barras`),
  KEY `detalle_venta_ibfk_3_idx` (`usuario_id`),
  KEY `detalle_venta_ibfk_4_idx` (`sucursal_id`),
  CONSTRAINT `detalle_venta_ibfk_1` FOREIGN KEY (`venta_id`) REFERENCES `venta` (`venta_id`) ON DELETE CASCADE ON UPDATE CASCADE,
  CONSTRAINT `detalle_venta_ibfk_2` FOREIGN KEY (`codigo_barras`) REFERENCES `producto` (`codigo_barras`) ON DELETE CASCADE ON UPDATE CASCADE,
  CONSTRAINT `detalle_venta_ibfk_3` FOREIGN KEY (`usuario_id`) REFERENCES `usuario` (`usuario_id`) ON DELETE CASCADE ON UPDATE CASCADE,
  CONSTRAINT `detalle_venta_ibfk_4` FOREIGN KEY (`sucursal_id`) REFERENCES `sucursal` (`sucursal_id`) ON DELETE CASCADE ON UPDATE CASCADE
) ENGINE=InnoDB AUTO_INCREMENT=1001 DEFAULT CHARSET=utf8mb4 COLLATE=utf8mb4_0900_ai_ci;
/*!40101 SET character_set_client = @saved_cs_client */;

--
-- Dumping data for table `detalle_venta`
--

LOCK TABLES `detalle_venta` WRITE;
/*!40000 ALTER TABLE `detalle_venta` DISABLE KEYS */;
INSERT INTO `detalle_venta` VALUES (5,'V-1743258436591','1111',NULL,NULL,1,50.00,50.00,0.00),(6,'V-1743258519743','1111',NULL,NULL,1,50.00,50.00,0.00),(9,'V-1743269947695','1112',NULL,NULL,1,50.00,50.00,0.00),(10,'V-1743269981151','1112',NULL,NULL,1,50.00,50.00,0.00),(11,'V-1743269988237','1112',NULL,NULL,1,50.00,50.00,0.00),(12,'V-1743270128695','1111',NULL,NULL,1,50.00,50.00,0.00),(14,'V-1743270482975','1112',NULL,NULL,6,50.00,50.00,0.00),(15,'V-1743376590392','1112',NULL,NULL,5,50.00,50.00,0.00),(20,'V-1743377032223','1112',NULL,NULL,1,50.00,50.00,0.00),(21,'V-1743377044455','1112',NULL,NULL,1,50.00,50.00,0.00),(27,'V-1743452929866','1111',NULL,NULL,8,50.00,50.00,0.00),(34,'V-1743458255516','1111',NULL,NULL,8,50.00,50.00,0.00),(35,'V-1743458871595','1111',NULL,NULL,5,50.00,50.00,0.00),(36,'V-1743458871595','1112',NULL,NULL,2,50.00,50.00,0.00),(37,'V-1743530276795','1111',NULL,NULL,5,50.00,50.00,0.00),(38,'V-1743563573370','1111',NULL,NULL,5,50.00,50.00,0.00),(39,'V-1743613982632','1111',NULL,NULL,5,50.00,50.00,0.00),(40,'V-1744166587658','1111',NULL,NULL,5,50.00,50.00,0.00),(41,'V-1744166587727','1111',NULL,NULL,5,50.00,50.00,0.00),(42,'V-1744166587789','1111',NULL,NULL,5,50.00,50.00,0.00),(43,'V-1744166588647','1111',NULL,NULL,5,50.00,50.00,0.00),(44,'V-1744166588715','1111',NULL,NULL,5,50.00,50.00,0.00),(45,'V-1744166588783','1111',NULL,NULL,5,50.00,50.00,0.00),(46,'V-1744166589627','1111',NULL,NULL,5,50.00,50.00,0.00),(47,'V-1744166589700','1111',NULL,NULL,5,50.00,50.00,0.00),(48,'V-1744166589769','1111',NULL,NULL,5,50.00,50.00,0.00),(49,'V-1744166590624','1111',NULL,NULL,5,50.00,50.00,0.00),(50,'V-1744166590681','1111',NULL,NULL,5,50.00,50.00,0.00),(51,'V-1744166590751','1111',NULL,NULL,5,50.00,50.00,0.00),(52,'V-1744166591626','1111',NULL,NULL,5,50.00,50.00,0.00),(53,'V-1744166591677','1111',NULL,NULL,5,50.00,50.00,0.00),(54,'V-1744166591743','1111',NULL,NULL,5,50.00,50.00,0.00),(55,'V-1744166592623','1111',NULL,NULL,5,50.00,50.00,0.00),(56,'V-1744166592676','1111',NULL,NULL,5,50.00,50.00,0.00),(57,'V-1744166592740','1111',NULL,NULL,5,50.00,50.00,0.00),(58,'V-1744166593625','1111',NULL,NULL,5,50.00,50.00,0.00),(59,'V-1744166593676','1111',NULL,NULL,5,50.00,50.00,0.00),(60,'V-1744166593739','1111',NULL,NULL,5,50.00,50.00,0.00),(61,'V-1744166594622','1111',NULL,NULL,5,50.00,50.00,0.00),(62,'V-1744166594674','1111',NULL,NULL,5,50.00,50.00,0.00),(63,'V-1744166594737','1111',NULL,NULL,5,50.00,50.00,0.00),(64,'V-1744166595622','1111',NULL,NULL,5,50.00,50.00,0.00),(65,'V-1744166595673','1111',NULL,NULL,5,50.00,50.00,0.00),(66,'V-1744166595737','1111',NULL,NULL,5,50.00,50.00,0.00),(67,'V-1744166596622','1111',NULL,NULL,5,50.00,50.00,0.00),(68,'V-1744166596678','1111',NULL,NULL,5,50.00,50.00,0.00),(69,'V-1744166596740','1111',NULL,NULL,5,50.00,50.00,0.00),(70,'V-1744166597622','1111',NULL,NULL,5,50.00,50.00,0.00),(71,'V-1744166597676','1111',NULL,NULL,5,50.00,50.00,0.00),(72,'V-1744166597740','1111',NULL,NULL,5,50.00,50.00,0.00),(73,'V-1744166598623','1111',NULL,NULL,5,50.00,50.00,0.00),(74,'V-1744166598677','1111',NULL,NULL,5,50.00,50.00,0.00),(75,'V-1744166598741','1111',NULL,NULL,5,50.00,50.00,0.00),(76,'V-1744166599623','1111',NULL,NULL,5,50.00,50.00,0.00),(77,'V-1744166599674','1111',NULL,NULL,5,50.00,50.00,0.00),(78,'V-1744166599737','1111',NULL,NULL,5,50.00,50.00,0.00),(79,'V-1744166600622','1111',NULL,NULL,5,50.00,50.00,0.00),(80,'V-1744166600674','1111',NULL,NULL,5,50.00,50.00,0.00),(81,'V-1744166600739','1111',NULL,NULL,5,50.00,50.00,0.00),(220,'V-1744167299983','1111',NULL,NULL,5,50.00,50.00,0.00),(221,'V-1744167300054','1111',NULL,NULL,5,50.00,50.00,0.00),(222,'V-1744167300096','1111',NULL,NULL,5,50.00,50.00,0.00),(223,'V-1744167300157','1111',NULL,NULL,5,50.00,50.00,0.00),(224,'V-1744167300206','1111',NULL,NULL,5,50.00,50.00,0.00),(225,'V-1744167300972','1111',NULL,NULL,5,50.00,50.00,0.00),(226,'V-1744167301047','1111',NULL,NULL,5,50.00,50.00,0.00),(227,'V-1744167301084','1111',NULL,NULL,5,50.00,50.00,0.00),(228,'V-1744167301148','1111',NULL,NULL,5,50.00,50.00,0.00),(229,'V-1744167301198','1111',NULL,NULL,5,50.00,50.00,0.00),(230,'V-1744167301953','1111',NULL,NULL,5,50.00,50.00,0.00),(231,'V-1744167302034','1111',NULL,NULL,5,50.00,50.00,0.00),(232,'V-1744167302078','1111',NULL,NULL,5,50.00,50.00,0.00),(233,'V-1744167302145','1111',NULL,NULL,5,50.00,50.00,0.00),(234,'V-1744167302180','1111',NULL,NULL,5,50.00,50.00,0.00),(235,'V-1744167302953','1111',NULL,NULL,5,50.00,50.00,0.00),(236,'V-1744167303016','1111',NULL,NULL,5,50.00,50.00,0.00),(237,'V-1744167303066','1111',NULL,NULL,5,50.00,50.00,0.00),(238,'V-1744167303128','1111',NULL,NULL,5,50.00,50.00,0.00),(239,'V-1744167303163','1111',NULL,NULL,5,50.00,50.00,0.00),(240,'V-1744167303946','1111',NULL,NULL,5,50.00,50.00,0.00),(241,'V-1744167303998','1111',NULL,NULL,5,50.00,50.00,0.00),(242,'V-1744167304055','1111',NULL,NULL,5,50.00,50.00,0.00),(243,'V-1744167304110','1111',NULL,NULL,5,50.00,50.00,0.00),(244,'V-1744167304158','1111',NULL,NULL,5,50.00,50.00,0.00),(245,'V-1744167304931','1111',NULL,NULL,5,50.00,50.00,0.00),(246,'V-1744167304991','1111',NULL,NULL,5,50.00,50.00,0.00),(247,'V-1744167305043','1111',NULL,NULL,5,50.00,50.00,0.00),(248,'V-1744167305102','1111',NULL,NULL,5,50.00,50.00,0.00),(249,'V-1744167305157','1111',NULL,NULL,5,50.00,50.00,0.00),(250,'V-1744167305932','1111',NULL,NULL,5,50.00,50.00,0.00),(251,'V-1744167305990','1111',NULL,NULL,5,50.00,50.00,0.00),(252,'V-1744167306047','1111',NULL,NULL,5,50.00,50.00,0.00),(253,'V-1744167306102','1111',NULL,NULL,5,50.00,50.00,0.00),(254,'V-1744167306158','1111',NULL,NULL,5,50.00,50.00,0.00),(255,'V-1744167306930','1111',NULL,NULL,5,50.00,50.00,0.00),(256,'V-1744167306992','1111',NULL,NULL,5,50.00,50.00,0.00),(257,'V-1744167307043','1111',NULL,NULL,5,50.00,50.00,0.00),(258,'V-1744167307103','1111',NULL,NULL,5,50.00,50.00,0.00),(259,'V-1744167307157','1111',NULL,NULL,5,50.00,50.00,0.00),(260,'V-1744167307934','1111',NULL,NULL,5,50.00,50.00,0.00),(261,'V-1744167307993','1111',NULL,NULL,5,50.00,50.00,0.00),(262,'V-1744167308043','1111',NULL,NULL,5,50.00,50.00,0.00),(263,'V-1744167308105','1111',NULL,NULL,5,50.00,50.00,0.00),(264,'V-1744167308157','1111',NULL,NULL,5,50.00,50.00,0.00),(265,'V-1744167308931','1111',NULL,NULL,5,50.00,50.00,0.00),(266,'V-1744167308990','1111',NULL,NULL,5,50.00,50.00,0.00),(267,'V-1744167309042','1111',NULL,NULL,5,50.00,50.00,0.00),(268,'V-1744167309102','1111',NULL,NULL,5,50.00,50.00,0.00),(269,'V-1744167309156','1111',NULL,NULL,5,50.00,50.00,0.00),(270,'V-1744167309930','1111',NULL,NULL,5,50.00,50.00,0.00),(271,'V-1744167309991','1111',NULL,NULL,5,50.00,50.00,0.00),(272,'V-1744167310045','1111',NULL,NULL,5,50.00,50.00,0.00),(273,'V-1744167310103','1111',NULL,NULL,5,50.00,50.00,0.00),(274,'V-1744167310158','1111',NULL,NULL,5,50.00,50.00,0.00),(275,'V-1744167310931','1111',NULL,NULL,5,50.00,50.00,0.00),(276,'V-1744167310992','1111',NULL,NULL,5,50.00,50.00,0.00),(277,'V-1744167311046','1111',NULL,NULL,5,50.00,50.00,0.00),(278,'V-1744167311102','1111',NULL,NULL,5,50.00,50.00,0.00),(279,'V-1744167311159','1111',NULL,NULL,5,50.00,50.00,0.00),(280,'V-1744167311931','1111',NULL,NULL,5,50.00,50.00,0.00),(281,'V-1744167311992','1111',NULL,NULL,5,50.00,50.00,0.00),(282,'V-1744167312044','1111',NULL,NULL,5,50.00,50.00,0.00),(283,'V-1744167312105','1111',NULL,NULL,5,50.00,50.00,0.00),(284,'V-1744167312156','1111',NULL,NULL,5,50.00,50.00,0.00),(285,'V-1744167312931','1111',NULL,NULL,5,50.00,50.00,0.00),(286,'V-1744167312995','1111',NULL,NULL,5,50.00,50.00,0.00),(287,'V-1744167313046','1111',NULL,NULL,5,50.00,50.00,0.00),(288,'V-1744167313103','1111',NULL,NULL,5,50.00,50.00,0.00),(289,'V-1744167313157','1111',NULL,NULL,5,50.00,50.00,0.00),(290,'V-1744167313931','1111',NULL,NULL,5,50.00,50.00,0.00),(291,'V-1744167313990','1111',NULL,NULL,5,50.00,50.00,0.00),(292,'V-1744167314044','1111',NULL,NULL,5,50.00,50.00,0.00),(293,'V-1744167314103','1111',NULL,NULL,5,50.00,50.00,0.00),(294,'V-1744167314156','1111',NULL,NULL,5,50.00,50.00,0.00),(295,'V-1744167314929','1111',NULL,NULL,5,50.00,50.00,0.00),(296,'V-1744167314989','1111',NULL,NULL,5,50.00,50.00,0.00),(297,'V-1744167315043','1111',NULL,NULL,5,50.00,50.00,0.00),(298,'V-1744167315101','1111',NULL,NULL,5,50.00,50.00,0.00),(299,'V-1744167315156','1111',NULL,NULL,5,50.00,50.00,0.00),(300,'V-1744167315928','1111',NULL,NULL,5,50.00,50.00,0.00),(301,'V-1744167315991','1111',NULL,NULL,5,50.00,50.00,0.00),(302,'V-1744167316043','1111',NULL,NULL,5,50.00,50.00,0.00),(303,'V-1744167316102','1111',NULL,NULL,5,50.00,50.00,0.00),(304,'V-1744167316155','1111',NULL,NULL,5,50.00,50.00,0.00),(305,'V-1744167316928','1111',NULL,NULL,5,50.00,50.00,0.00),(306,'V-1744167316990','1111',NULL,NULL,5,50.00,50.00,0.00),(307,'V-1744167317041','1111',NULL,NULL,5,50.00,50.00,0.00),(308,'V-1744167317104','1111',NULL,NULL,5,50.00,50.00,0.00),(309,'V-1744167317155','1111',NULL,NULL,5,50.00,50.00,0.00),(310,'V-1744167317928','1111',NULL,NULL,5,50.00,50.00,0.00),(311,'V-1744167317989','1111',NULL,NULL,5,50.00,50.00,0.00),(312,'V-1744167318041','1111',NULL,NULL,5,50.00,50.00,0.00),(313,'V-1744167318103','1111',NULL,NULL,5,50.00,50.00,0.00),(314,'V-1744167318156','1111',NULL,NULL,5,50.00,50.00,0.00),(315,'V-1744167318930','1111',NULL,NULL,5,50.00,50.00,0.00),(316,'V-1744167318990','1111',NULL,NULL,5,50.00,50.00,0.00),(317,'V-1744167319043','1111',NULL,NULL,5,50.00,50.00,0.00),(318,'V-1744167319101','1111',NULL,NULL,5,50.00,50.00,0.00),(319,'V-1744167319157','1111',NULL,NULL,5,50.00,50.00,0.00),(320,'V-1744167319929','1111',NULL,NULL,5,50.00,50.00,0.00),(321,'V-1744167319990','1111',NULL,NULL,5,50.00,50.00,0.00),(322,'V-1744167320042','1111',NULL,NULL,5,50.00,50.00,0.00),(323,'V-1744167320105','1111',NULL,NULL,5,50.00,50.00,0.00),(324,'V-1744167320156','1111',NULL,NULL,5,50.00,50.00,0.00),(325,'V-1744167320928','1111',NULL,NULL,5,50.00,50.00,0.00),(326,'V-1744167320991','1111',NULL,NULL,5,50.00,50.00,0.00),(327,'V-1744167321041','1111',NULL,NULL,5,50.00,50.00,0.00),(328,'V-1744167321101','1111',NULL,NULL,5,50.00,50.00,0.00),(329,'V-1744167321156','1111',NULL,NULL,5,50.00,50.00,0.00),(330,'V-1744167321928','1111',NULL,NULL,5,50.00,50.00,0.00),(331,'V-1744167321988','1111',NULL,NULL,5,50.00,50.00,0.00),(332,'V-1744167322041','1111',NULL,NULL,5,50.00,50.00,0.00),(333,'V-1744167322102','1111',NULL,NULL,5,50.00,50.00,0.00),(334,'V-1744167322155','1111',NULL,NULL,5,50.00,50.00,0.00),(335,'V-1744167322927','1111',NULL,NULL,5,50.00,50.00,0.00),(336,'V-1744167322989','1111',NULL,NULL,5,50.00,50.00,0.00),(337,'V-1744167323041','1111',NULL,NULL,5,50.00,50.00,0.00),(338,'V-1744167323101','1111',NULL,NULL,5,50.00,50.00,0.00),(339,'V-1744167323155','1111',NULL,NULL,5,50.00,50.00,0.00),(340,'V-1744167323929','1111',NULL,NULL,5,50.00,50.00,0.00),(341,'V-1744167323993','1111',NULL,NULL,5,50.00,50.00,0.00),(342,'V-1744167324042','1111',NULL,NULL,5,50.00,50.00,0.00),(343,'V-1744167324101','1111',NULL,NULL,5,50.00,50.00,0.00),(344,'V-1744167324155','1111',NULL,NULL,5,50.00,50.00,0.00),(345,'V-1744167324927','1111',NULL,NULL,5,50.00,50.00,0.00),(346,'V-1744167324989','1111',NULL,NULL,5,50.00,50.00,0.00),(347,'V-1744167325042','1111',NULL,NULL,5,50.00,50.00,0.00),(348,'V-1744167325101','1111',NULL,NULL,5,50.00,50.00,0.00),(349,'V-1744167325155','1111',NULL,NULL,5,50.00,50.00,0.00),(350,'V-1744167325927','1111',NULL,NULL,5,50.00,50.00,0.00),(351,'V-1744167325990','1111',NULL,NULL,5,50.00,50.00,0.00),(352,'V-1744167326041','1111',NULL,NULL,5,50.00,50.00,0.00),(353,'V-1744167326100','1111',NULL,NULL,5,50.00,50.00,0.00),(354,'V-1744167326155','1111',NULL,NULL,5,50.00,50.00,0.00),(355,'V-1744167326928','1111',NULL,NULL,5,50.00,50.00,0.00),(356,'V-1744167326989','1111',NULL,NULL,5,50.00,50.00,0.00),(357,'V-1744167327043','1111',NULL,NULL,5,50.00,50.00,0.00),(358,'V-1744167327104','1111',NULL,NULL,5,50.00,50.00,0.00),(359,'V-1744167327156','1111',NULL,NULL,5,50.00,50.00,0.00),(360,'V-1744167327929','1111',NULL,NULL,5,50.00,50.00,0.00),(361,'V-1744167327990','1111',NULL,NULL,5,50.00,50.00,0.00),(362,'V-1744167328042','1111',NULL,NULL,5,50.00,50.00,0.00),(363,'V-1744167328101','1111',NULL,NULL,5,50.00,50.00,0.00),(364,'V-1744167328169','1111',NULL,NULL,5,50.00,50.00,0.00),(365,'V-1744167328928','1111',NULL,NULL,5,50.00,50.00,0.00),(366,'V-1744167328988','1111',NULL,NULL,5,50.00,50.00,0.00),(367,'V-1744167329041','1111',NULL,NULL,5,50.00,50.00,0.00),(368,'V-1744167329100','1111',NULL,NULL,5,50.00,50.00,0.00),(369,'V-1744167329157','1111',NULL,NULL,5,50.00,50.00,0.00),(370,'V-1744167329928','1111',NULL,NULL,5,50.00,50.00,0.00),(371,'V-1744167329990','1111',NULL,NULL,5,50.00,50.00,0.00),(372,'V-1744167330041','1111',NULL,NULL,5,50.00,50.00,0.00),(373,'V-1744167330101','1111',NULL,NULL,5,50.00,50.00,0.00),(374,'V-1744167330156','1111',NULL,NULL,5,50.00,50.00,0.00),(375,'V-1744167330928','1111',NULL,NULL,5,50.00,50.00,0.00),(376,'V-1744167330989','1111',NULL,NULL,5,50.00,50.00,0.00),(377,'V-1744167331042','1111',NULL,NULL,5,50.00,50.00,0.00),(378,'V-1744167331100','1111',NULL,NULL,5,50.00,50.00,0.00),(379,'V-1744167331155','1111',NULL,NULL,5,50.00,50.00,0.00),(380,'V-1744167331929','1111',NULL,NULL,5,50.00,50.00,0.00),(381,'V-1744167331991','1111',NULL,NULL,5,50.00,50.00,0.00),(382,'V-1744167332042','1111',NULL,NULL,5,50.00,50.00,0.00),(383,'V-1744167332101','1111',NULL,NULL,5,50.00,50.00,0.00),(384,'V-1744167332156','1111',NULL,NULL,5,50.00,50.00,0.00),(385,'V-1744167332928','1111',NULL,NULL,5,50.00,50.00,0.00),(386,'V-1744167332989','1111',NULL,NULL,5,50.00,50.00,0.00),(387,'V-1744167333043','1111',NULL,NULL,5,50.00,50.00,0.00),(388,'V-1744167333101','1111',NULL,NULL,5,50.00,50.00,0.00),(389,'V-1744167333156','1111',NULL,NULL,5,50.00,50.00,0.00),(390,'V-1744167333928','1111',NULL,NULL,5,50.00,50.00,0.00),(391,'V-1744167333989','1111',NULL,NULL,5,50.00,50.00,0.00),(392,'V-1744167334042','1111',NULL,NULL,5,50.00,50.00,0.00),(393,'V-1744167334100','1111',NULL,NULL,5,50.00,50.00,0.00),(394,'V-1744167334155','1111',NULL,NULL,5,50.00,50.00,0.00),(395,'V-1744167334927','1111',NULL,NULL,5,50.00,50.00,0.00),(396,'V-1744167334989','1111',NULL,NULL,5,50.00,50.00,0.00),(397,'V-1744167335041','1111',NULL,NULL,5,50.00,50.00,0.00),(398,'V-1744167335101','1111',NULL,NULL,5,50.00,50.00,0.00),(399,'V-1744167335155','1111',NULL,NULL,5,50.00,50.00,0.00),(400,'V-1744167335927','1111',NULL,NULL,5,50.00,50.00,0.00),(401,'V-1744167335990','1111',NULL,NULL,5,50.00,50.00,0.00),(402,'V-1744167336041','1111',NULL,NULL,5,50.00,50.00,0.00),(403,'V-1744167336100','1111',NULL,NULL,5,50.00,50.00,0.00),(404,'V-1744167336155','1111',NULL,NULL,5,50.00,50.00,0.00),(405,'V-1744167336928','1111',NULL,NULL,5,50.00,50.00,0.00),(406,'V-1744167336989','1111',NULL,NULL,5,50.00,50.00,0.00),(407,'V-1744167337041','1111',NULL,NULL,5,50.00,50.00,0.00),(408,'V-1744167337101','1111',NULL,NULL,5,50.00,50.00,0.00),(409,'V-1744167337155','1111',NULL,NULL,5,50.00,50.00,0.00),(410,'V-1744167337928','1111',NULL,NULL,5,50.00,50.00,0.00),(411,'V-1744167337989','1111',NULL,NULL,5,50.00,50.00,0.00),(412,'V-1744167338041','1111',NULL,NULL,5,50.00,50.00,0.00),(413,'V-1744167338100','1111',NULL,NULL,5,50.00,50.00,0.00),(414,'V-1744167338155','1111',NULL,NULL,5,50.00,50.00,0.00),(415,'V-1744167338928','1111',NULL,NULL,5,50.00,50.00,0.00),(416,'V-1744167338989','1111',NULL,NULL,5,50.00,50.00,0.00),(417,'V-1744167339041','1111',NULL,NULL,5,50.00,50.00,0.00),(418,'V-1744167339101','1111',NULL,NULL,5,50.00,50.00,0.00),(419,'V-1744167339155','1111',NULL,NULL,5,50.00,50.00,0.00),(420,'V-1744167339929','1111',NULL,NULL,5,50.00,50.00,0.00),(421,'V-1744167339991','1111',NULL,NULL,5,50.00,50.00,0.00),(422,'V-1744167340042','1111',NULL,NULL,5,50.00,50.00,0.00),(423,'V-1744167340100','1111',NULL,NULL,5,50.00,50.00,0.00),(424,'V-1744167340155','1111',NULL,NULL,5,50.00,50.00,0.00),(425,'V-1744167340933','1111',NULL,NULL,5,50.00,50.00,0.00),(426,'V-1744167340989','1111',NULL,NULL,5,50.00,50.00,0.00),(427,'V-1744167341041','1111',NULL,NULL,5,50.00,50.00,0.00),(428,'V-1744167341101','1111',NULL,NULL,5,50.00,50.00,0.00),(429,'V-1744167341155','1111',NULL,NULL,5,50.00,50.00,0.00),(430,'V-1744167341928','1111',NULL,NULL,5,50.00,50.00,0.00),(431,'V-1744167341990','1111',NULL,NULL,5,50.00,50.00,0.00),(432,'V-1744167342042','1111',NULL,NULL,5,50.00,50.00,0.00),(433,'V-1744167342101','1111',NULL,NULL,5,50.00,50.00,0.00),(434,'V-1744167342155','1111',NULL,NULL,5,50.00,50.00,0.00),(435,'V-1744167342928','1111',NULL,NULL,5,50.00,50.00,0.00),(436,'V-1744167342989','1111',NULL,NULL,5,50.00,50.00,0.00),(437,'V-1744167343041','1111',NULL,NULL,5,50.00,50.00,0.00),(438,'V-1744167343100','1111',NULL,NULL,5,50.00,50.00,0.00),(439,'V-1744167343155','1111',NULL,NULL,5,50.00,50.00,0.00),(440,'V-1744167343929','1111',NULL,NULL,5,50.00,50.00,0.00),(441,'V-1744167343991','1111',NULL,NULL,5,50.00,50.00,0.00),(442,'V-1744167344041','1111',NULL,NULL,5,50.00,50.00,0.00),(443,'V-1744167344102','1111',NULL,NULL,5,50.00,50.00,0.00),(444,'V-1744167344155','1111',NULL,NULL,5,50.00,50.00,0.00),(445,'V-1744167344928','1111',NULL,NULL,5,50.00,50.00,0.00),(446,'V-1744167344990','1111',NULL,NULL,5,50.00,50.00,0.00),(447,'V-1744167345042','1111',NULL,NULL,5,50.00,50.00,0.00),(448,'V-1744167345100','1111',NULL,NULL,5,50.00,50.00,0.00),(449,'V-1744167345156','1111',NULL,NULL,5,50.00,50.00,0.00),(450,'V-1744167345931','1111',NULL,NULL,5,50.00,50.00,0.00),(451,'V-1744167345993','1111',NULL,NULL,5,50.00,50.00,0.00),(452,'V-1744167346044','1111',NULL,NULL,5,50.00,50.00,0.00),(453,'V-1744167346102','1111',NULL,NULL,5,50.00,50.00,0.00),(454,'V-1744167346156','1111',NULL,NULL,5,50.00,50.00,0.00),(455,'V-1744167346928','1111',NULL,NULL,5,50.00,50.00,0.00),(456,'V-1744167346989','1111',NULL,NULL,5,50.00,50.00,0.00),(457,'V-1744167347043','1111',NULL,NULL,5,50.00,50.00,0.00),(458,'V-1744167347100','1111',NULL,NULL,5,50.00,50.00,0.00),(459,'V-1744167347155','1111',NULL,NULL,5,50.00,50.00,0.00),(460,'V-1744167347930','1111',NULL,NULL,5,50.00,50.00,0.00),(461,'V-1744167347991','1111',NULL,NULL,5,50.00,50.00,0.00),(462,'V-1744167348043','1111',NULL,NULL,5,50.00,50.00,0.00),(463,'V-1744167348101','1111',NULL,NULL,5,50.00,50.00,0.00),(464,'V-1744167348157','1111',NULL,NULL,5,50.00,50.00,0.00),(465,'V-1744167348929','1111',NULL,NULL,5,50.00,50.00,0.00),(466,'V-1744167348994','1111',NULL,NULL,5,50.00,50.00,0.00),(467,'V-1744167349042','1111',NULL,NULL,5,50.00,50.00,0.00),(468,'V-1744167349101','1111',NULL,NULL,5,50.00,50.00,0.00),(469,'V-1744167349155','1111',NULL,NULL,5,50.00,50.00,0.00),(470,'V-1744167349929','1111',NULL,NULL,5,50.00,50.00,0.00),(471,'V-1744167349989','1111',NULL,NULL,5,50.00,50.00,0.00),(472,'V-1744167350041','1111',NULL,NULL,5,50.00,50.00,0.00),(473,'V-1744167350100','1111',NULL,NULL,5,50.00,50.00,0.00),(474,'V-1744167350155','1111',NULL,NULL,5,50.00,50.00,0.00),(475,'V-1744167350930','1111',NULL,NULL,5,50.00,50.00,0.00),(476,'V-1744167350991','1111',NULL,NULL,5,50.00,50.00,0.00),(477,'V-1744167351043','1111',NULL,NULL,5,50.00,50.00,0.00),(478,'V-1744167351102','1111',NULL,NULL,5,50.00,50.00,0.00),(479,'V-1744167351159','1111',NULL,NULL,5,50.00,50.00,0.00),(480,'V-1744167351929','1111',NULL,NULL,5,50.00,50.00,0.00),(481,'V-1744167351991','1111',NULL,NULL,5,50.00,50.00,0.00),(482,'V-1744167352043','1111',NULL,NULL,5,50.00,50.00,0.00),(483,'V-1744167352103','1111',NULL,NULL,5,50.00,50.00,0.00),(484,'V-1744167352157','1111',NULL,NULL,5,50.00,50.00,0.00),(485,'V-1744167352930','1111',NULL,NULL,5,50.00,50.00,0.00),(486,'V-1744167352991','1111',NULL,NULL,5,50.00,50.00,0.00),(487,'V-1744167353044','1111',NULL,NULL,5,50.00,50.00,0.00),(488,'V-1744167353103','1111',NULL,NULL,5,50.00,50.00,0.00),(489,'V-1744167353156','1111',NULL,NULL,5,50.00,50.00,0.00),(490,'V-1744167353929','1111',NULL,NULL,5,50.00,50.00,0.00),(491,'V-1744167353990','1111',NULL,NULL,5,50.00,50.00,0.00),(492,'V-1744167354042','1111',NULL,NULL,5,50.00,50.00,0.00),(493,'V-1744167354102','1111',NULL,NULL,5,50.00,50.00,0.00),(494,'V-1744167354157','1111',NULL,NULL,5,50.00,50.00,0.00),(495,'V-1744167354930','1111',NULL,NULL,5,50.00,50.00,0.00),(496,'V-1744167354990','1111',NULL,NULL,5,50.00,50.00,0.00),(497,'V-1744167355042','1111',NULL,NULL,5,50.00,50.00,0.00),(498,'V-1744167355102','1111',NULL,NULL,5,50.00,50.00,0.00),(499,'V-1744167355158','1111',NULL,NULL,5,50.00,50.00,0.00),(500,'V-1744167355927','1111',NULL,NULL,5,50.00,50.00,0.00),(501,'V-1744167355988','1111',NULL,NULL,5,50.00,50.00,0.00),(502,'V-1744167356041','1111',NULL,NULL,5,50.00,50.00,0.00),(503,'V-1744167356101','1111',NULL,NULL,5,50.00,50.00,0.00),(504,'V-1744167356156','1111',NULL,NULL,5,50.00,50.00,0.00),(505,'V-1744167356929','1111',NULL,NULL,5,50.00,50.00,0.00),(506,'V-1744167356990','1111',NULL,NULL,5,50.00,50.00,0.00),(507,'V-1744167357043','1111',NULL,NULL,5,50.00,50.00,0.00),(508,'V-1744167357101','1111',NULL,NULL,5,50.00,50.00,0.00),(509,'V-1744167357156','1111',NULL,NULL,5,50.00,50.00,0.00),(510,'V-1744167357931','1111',NULL,NULL,5,50.00,50.00,0.00),(511,'V-1744167357989','1111',NULL,NULL,5,50.00,50.00,0.00),(512,'V-1744167358041','1111',NULL,NULL,5,50.00,50.00,0.00),(513,'V-1744167358101','1111',NULL,NULL,5,50.00,50.00,0.00),(514,'V-1744167358156','1111',NULL,NULL,5,50.00,50.00,0.00),(515,'V-1744167358929','1111',NULL,NULL,5,50.00,50.00,0.00),(516,'V-1744167358990','1111',NULL,NULL,5,50.00,50.00,0.00),(517,'V-1744167359042','1111',NULL,NULL,5,50.00,50.00,0.00),(518,'V-1744167359102','1111',NULL,NULL,5,50.00,50.00,0.00),(519,'V-1744167359156','1111',NULL,NULL,5,50.00,50.00,0.00),(520,'V-1744167470503','1111',NULL,NULL,1,50.00,50.00,0.00),(521,'V-1744218769398','1111',NULL,NULL,1,50.00,50.00,0.00),(522,'V-1744218769398','1112',NULL,NULL,1,7.00,77.00,77.00),(833,'V-1744219545849','1111',NULL,NULL,10,50.00,50.00,0.00),(834,'V-1744219545849','1112',NULL,NULL,1,7.00,77.00,7.00),(835,'V-1744219547652','1111',NULL,NULL,10,50.00,50.00,0.00),(836,'V-1744219547652','1112',NULL,NULL,1,7.00,77.00,7.00),(837,'V-1744219547763','1111',NULL,NULL,10,50.00,50.00,0.00),(838,'V-1744219547763','1112',NULL,NULL,1,7.00,77.00,7.00),(839,'V-1744219547875','1111',NULL,NULL,10,50.00,50.00,0.00),(840,'V-1744219547875','1112',NULL,NULL,1,7.00,77.00,7.00),(841,'V-1744219548711','1111',NULL,NULL,10,50.00,50.00,0.00),(842,'V-1744219548711','1112',NULL,NULL,1,7.00,77.00,7.00),(843,'V-1744219549820','1111',NULL,NULL,10,50.00,50.00,0.00),(844,'V-1744219549820','1112',NULL,NULL,1,7.00,77.00,7.00),(845,'V-1744219549874','1111',NULL,NULL,10,50.00,50.00,0.00),(846,'V-1744219549874','1112',NULL,NULL,1,7.00,77.00,7.00),(847,'V-1744219552710','1111',NULL,NULL,10,50.00,50.00,0.00),(848,'V-1744219552710','1112',NULL,NULL,1,7.00,77.00,7.00),(849,'V-1744219553647','1111',NULL,NULL,10,50.00,50.00,0.00),(850,'V-1744219553647','1112',NULL,NULL,1,7.00,77.00,7.00),(851,'V-1744219554821','1111',NULL,NULL,10,50.00,50.00,0.00),(852,'V-1744219554821','1112',NULL,NULL,1,7.00,77.00,7.00),(853,'V-1744219557647','1111',NULL,NULL,10,50.00,50.00,0.00),(854,'V-1744219557647','1112',NULL,NULL,1,7.00,77.00,7.00),(855,'V-1744219557710','1111',NULL,NULL,10,50.00,50.00,0.00),(856,'V-1744219557710','1112',NULL,NULL,1,7.00,77.00,7.00),(857,'V-1744219558820','1111',NULL,NULL,10,50.00,50.00,0.00),(858,'V-1744219558820','1112',NULL,NULL,1,7.00,77.00,7.00),(859,'V-1744219559759','1111',NULL,NULL,10,50.00,50.00,0.00),(860,'V-1744219559759','1112',NULL,NULL,1,7.00,77.00,7.00),(861,'V-1744219559821','1111',NULL,NULL,10,50.00,50.00,0.00),(862,'V-1744219559821','1112',NULL,NULL,1,7.00,77.00,7.00),(863,'V-1744219560820','1111',NULL,NULL,10,50.00,50.00,0.00),(864,'V-1744219560820','1112',NULL,NULL,1,7.00,77.00,7.00),(865,'V-1744219561646','1111',NULL,NULL,10,50.00,50.00,0.00),(866,'V-1744219561646','1112',NULL,NULL,1,7.00,77.00,7.00),(867,'V-1744219561821','1111',NULL,NULL,10,50.00,50.00,0.00),(868,'V-1744219561821','1112',NULL,NULL,1,7.00,77.00,7.00),(869,'V-1744219564646','1111',NULL,NULL,10,50.00,50.00,0.00),(870,'V-1744219564646','1112',NULL,NULL,1,7.00,77.00,7.00),(871,'V-1744219564820','1111',NULL,NULL,10,50.00,50.00,0.00),(872,'V-1744219564820','1112',NULL,NULL,1,7.00,77.00,7.00),(873,'V-1744219565709','1111',NULL,NULL,10,50.00,50.00,0.00),(874,'V-1744219565709','1112',NULL,NULL,1,7.00,77.00,7.00),(875,'V-1744219566646','1111',NULL,NULL,10,50.00,50.00,0.00),(876,'V-1744219566646','1112',NULL,NULL,1,7.00,77.00,7.00),(877,'V-1744219567758','1111',NULL,NULL,10,50.00,50.00,0.00),(878,'V-1744219567758','1112',NULL,NULL,1,7.00,77.00,7.00),(879,'V-1744219567873','1111',NULL,NULL,10,50.00,50.00,0.00),(880,'V-1744219567873','1112',NULL,NULL,1,7.00,77.00,7.00),(881,'V-1744219568653','1111',NULL,NULL,10,50.00,50.00,0.00),(882,'V-1744219568653','1112',NULL,NULL,1,7.00,77.00,7.00),(883,'V-1744219568873','1111',NULL,NULL,10,50.00,50.00,0.00),(884,'V-1744219568873','1112',NULL,NULL,1,7.00,77.00,7.00),(885,'V-1744219569709','1111',NULL,NULL,10,50.00,50.00,0.00),(886,'V-1744219569709','1112',NULL,NULL,1,7.00,77.00,7.00),(887,'V-1744219573820','1111',NULL,NULL,10,50.00,50.00,0.00),(888,'V-1744219573820','1112',NULL,NULL,1,7.00,77.00,7.00),(889,'V-1744219573889','1111',NULL,NULL,10,50.00,50.00,0.00),(890,'V-1744219573889','1112',NULL,NULL,1,7.00,77.00,7.00),(891,'V-1744219575708','1111',NULL,NULL,10,50.00,50.00,0.00),(892,'V-1744219575708','1112',NULL,NULL,1,7.00,77.00,7.00),(893,'V-1744219576645','1111',NULL,NULL,10,50.00,50.00,0.00),(894,'V-1744219576645','1112',NULL,NULL,1,7.00,77.00,7.00),(895,'V-1744219576759','1111',NULL,NULL,10,50.00,50.00,0.00),(896,'V-1744219576759','1112',NULL,NULL,1,7.00,77.00,7.00),(897,'V-1744219579645','1111',NULL,NULL,10,50.00,50.00,0.00),(898,'V-1744219579645','1112',NULL,NULL,1,7.00,77.00,7.00),(899,'V-1744219579820','1111',NULL,NULL,10,50.00,50.00,0.00),(900,'V-1744219579820','1112',NULL,NULL,1,7.00,77.00,7.00),(901,'V-1744219580820','1111',NULL,NULL,10,50.00,50.00,0.00),(902,'V-1744219580820','1112',NULL,NULL,1,7.00,77.00,7.00),(903,'V-1744219581708','1111',NULL,NULL,10,50.00,50.00,0.00),(904,'V-1744219581708','1112',NULL,NULL,1,7.00,77.00,7.00),(905,'V-1744219582646','1111',NULL,NULL,10,50.00,50.00,0.00),(906,'V-1744219582646','1112',NULL,NULL,1,7.00,77.00,7.00),(907,'V-1744219583873','1111',NULL,NULL,10,50.00,50.00,0.00),(908,'V-1744219583873','1112',NULL,NULL,1,7.00,77.00,7.00),(909,'V-1744219584646','1111',NULL,NULL,10,50.00,50.00,0.00),(910,'V-1744219584646','1112',NULL,NULL,1,7.00,77.00,7.00),(911,'V-1744219584708','1111',NULL,NULL,10,50.00,50.00,0.00),(912,'V-1744219584708','1112',NULL,NULL,1,7.00,77.00,7.00),(913,'V-1744219584759','1111',NULL,NULL,10,50.00,50.00,0.00),(914,'V-1744219584759','1112',NULL,NULL,1,7.00,77.00,7.00),(915,'V-1744219585873','1111',NULL,NULL,10,50.00,50.00,0.00),(916,'V-1744219585873','1112',NULL,NULL,1,7.00,77.00,7.00),(917,'V-1744219589708','1111',NULL,NULL,10,50.00,50.00,0.00),(918,'V-1744219589708','1112',NULL,NULL,1,7.00,77.00,7.00),(919,'V-1744219589759','1111',NULL,NULL,10,50.00,50.00,0.00),(920,'V-1744219589759','1112',NULL,NULL,1,7.00,77.00,7.00),(921,'V-1744219589821','1111',NULL,NULL,10,50.00,50.00,0.00),(922,'V-1744219589821','1112',NULL,NULL,1,7.00,77.00,7.00),(923,'V-1744219591820','1111',NULL,NULL,10,50.00,50.00,0.00),(924,'V-1744219591820','1112',NULL,NULL,1,7.00,77.00,7.00),(925,'V-1744219592708','1111',NULL,NULL,10,50.00,50.00,0.00),(926,'V-1744219592708','1112',NULL,NULL,1,7.00,77.00,7.00),(927,'V-1744219592873','1111',NULL,NULL,10,50.00,50.00,0.00),(928,'V-1744219592873','1112',NULL,NULL,1,7.00,77.00,7.00),(929,'V-1744219593820','1111',NULL,NULL,10,50.00,50.00,0.00),(930,'V-1744219593820','1112',NULL,NULL,1,7.00,77.00,7.00),(931,'V-1744219594820','1111',NULL,NULL,10,50.00,50.00,0.00),(932,'V-1744219594820','1112',NULL,NULL,1,7.00,77.00,7.00),(933,'V-1744219594872','1111',NULL,NULL,10,50.00,50.00,0.00),(934,'V-1744219594872','1112',NULL,NULL,1,7.00,77.00,7.00),(935,'V-1744219596645','1111',NULL,NULL,10,50.00,50.00,0.00),(936,'V-1744219596645','1112',NULL,NULL,1,7.00,77.00,7.00),(937,'V-1744219598645','1111',NULL,NULL,10,50.00,50.00,0.00),(938,'V-1744219598645','1112',NULL,NULL,1,7.00,77.00,7.00),(939,'V-1744219598709','1111',NULL,NULL,10,50.00,50.00,0.00),(940,'V-1744219598709','1112',NULL,NULL,1,7.00,77.00,7.00),(941,'V-1744219598820','1111',NULL,NULL,10,50.00,50.00,0.00),(942,'V-1744219598820','1112',NULL,NULL,1,7.00,77.00,7.00),(943,'V-1744219599645','1111',NULL,NULL,10,50.00,50.00,0.00),(944,'V-1744219599645','1112',NULL,NULL,1,7.00,77.00,7.00),(945,'V-1744219600645','1111',NULL,NULL,10,50.00,50.00,0.00),(946,'V-1744219600645','1112',NULL,NULL,1,7.00,77.00,7.00),(947,'V-1744219600708','1111',NULL,NULL,10,50.00,50.00,0.00),(948,'V-1744219600708','1112',NULL,NULL,1,7.00,77.00,7.00),(949,'V-1744219601645','1111',NULL,NULL,10,50.00,50.00,0.00),(950,'V-1744219601645','1112',NULL,NULL,1,7.00,77.00,7.00),(951,'V-1744219602645','1111',NULL,NULL,10,50.00,50.00,0.00),(952,'V-1744219602645','1112',NULL,NULL,1,7.00,77.00,7.00),(953,'V-1744219602820','1111',NULL,NULL,10,50.00,50.00,0.00),(954,'V-1744219602820','1112',NULL,NULL,1,7.00,77.00,7.00),(955,'V-1744219602875','1111',NULL,NULL,10,50.00,50.00,0.00),(956,'V-1744219602875','1112',NULL,NULL,1,7.00,77.00,7.00),(957,'V-1744219603645','1111',NULL,NULL,10,50.00,50.00,0.00),(958,'V-1744219603645','1112',NULL,NULL,1,7.00,77.00,7.00),(959,'V-1744219603749','1111',NULL,NULL,10,50.00,50.00,0.00),(960,'V-1744219603749','1112',NULL,NULL,1,7.00,77.00,7.00),(961,'V-1744219604759','1111',NULL,NULL,10,50.00,50.00,0.00),(962,'V-1744219604759','1112',NULL,NULL,1,7.00,77.00,7.00),(963,'V-1744219604820','1111',NULL,NULL,10,50.00,50.00,0.00),(964,'V-1744219604820','1112',NULL,NULL,1,7.00,77.00,7.00),(965,'VMY1-1745511122620','1111',8,'MY1',1,50.00,50.00,0.00),(966,'VMY1-1745511122620','1112',8,'MY1',1,7.00,77.00,77.00),(974,'VMY1-1746889423644','1111',9,'MY1',2,9.00,18.00,0.90),(978,'VMY1-1746897690037','1125',9,'MY1',1,34.00,34.00,2.38),(979,'VMY1-1746897921414','1125',9,'MY1',1,34.00,34.00,2.38),(981,'VMY1-1746899090532','1125',9,'MY1',1,34.00,34.00,2.38),(982,'VMY1-1746900597014','1125',9,'MY1',10,34.00,340.00,23.80),(983,'VMY1-1746900597014','1124',9,'MY1',5,8.00,40.00,2.00),(984,'VMY1-1747077711971','1124',9,'MY1',1,8.00,8.00,0.40),(985,'VMY1-1747077711971','1112',9,'MY1',1,8.00,8.00,0.40),(986,'VMY1-1747330234811','1111',9,'MY1',1,9.00,9.00,0.45),(987,'VMY1-1747331033535','1124',9,'MY1',1,8.00,8.00,0.40),(988,'VMY1-1747331034358','1125',9,'MY1',1,34.00,34.00,2.38),(989,'VMY1-1747331035651','1122',9,'MY1',1,9.00,9.00,0.45),(990,'VMY1-1747331035651','1111',9,'MY1',12,9.00,108.00,5.40),(991,'VMY1-1747331036101','1123',9,'MY1',2,12.00,24.00,1.20),(992,'VMY1-1747331443273','1123',9,'MY1',1,12.00,12.00,0.60),(993,'VMY0-1747592295794','1124',12,'MY0',2,8.00,16.00,0.80),(994,'VMY1-1748894409470','1124',9,'MY1',1,8.00,8.00,0.40),(995,'VMY1-1748894411691','1124',9,'MY1',1,8.00,8.00,0.40),(996,'VMY1-1748894412465','1124',9,'MY1',1,8.00,8.00,0.40),(997,'VMY1-1748894590130','1124',9,'MY1',3,8.00,24.00,1.20),(998,'VMY1-1748894814648','1124',9,'MY1',10,8.00,80.00,4.00),(999,'VMY1-1748988336094','252500',9,'MY1',1,28.00,28.00,1.96),(1000,'VMY1-1748988336094','1111',9,'MY1',1,9.00,9.00,0.45);
/*!40000 ALTER TABLE `detalle_venta` ENABLE KEYS */;
UNLOCK TABLES;

--
-- Table structure for table `inventario`
--

DROP TABLE IF EXISTS `inventario`;
/*!40101 SET @saved_cs_client     = @@character_set_client */;
/*!50503 SET character_set_client = utf8mb4 */;
CREATE TABLE `inventario` (
  `inventario_id` int NOT NULL AUTO_INCREMENT,
  `sucursal_id` varchar(10) DEFAULT NULL,
  `fecha_creacion` datetime DEFAULT CURRENT_TIMESTAMP,
  PRIMARY KEY (`inventario_id`),
  KEY `sucursal_id` (`sucursal_id`),
  CONSTRAINT `inventario_ibfk_1` FOREIGN KEY (`sucursal_id`) REFERENCES `sucursal` (`sucursal_id`) ON DELETE CASCADE ON UPDATE CASCADE
) ENGINE=InnoDB AUTO_INCREMENT=10 DEFAULT CHARSET=utf8mb4 COLLATE=utf8mb4_0900_ai_ci;
/*!40101 SET character_set_client = @saved_cs_client */;

--
-- Dumping data for table `inventario`
--

LOCK TABLES `inventario` WRITE;
/*!40000 ALTER TABLE `inventario` DISABLE KEYS */;
INSERT INTO `inventario` VALUES (5,'MY1','2025-03-26 23:09:04'),(6,'MY2','2025-03-26 23:10:53'),(7,'MY3','2025-03-27 17:13:36'),(8,'MY0','2025-05-15 13:24:43');
/*!40000 ALTER TABLE `inventario` ENABLE KEYS */;
UNLOCK TABLES;

--
-- Table structure for table `movimiento_inventario`
--

DROP TABLE IF EXISTS `movimiento_inventario`;
/*!40101 SET @saved_cs_client     = @@character_set_client */;
/*!50503 SET character_set_client = utf8mb4 */;
CREATE TABLE `movimiento_inventario` (
  `movimiento_id` int NOT NULL AUTO_INCREMENT,
  `producto_inventario_id` int DEFAULT NULL,
  `tipo_movimiento_id` int DEFAULT NULL,
  `cantidad` int NOT NULL,
  `fecha_movimiento` datetime DEFAULT CURRENT_TIMESTAMP,
  `referencia` varchar(255) DEFAULT NULL,
  `observaciones` varchar(255) DEFAULT NULL,
  PRIMARY KEY (`movimiento_id`),
  KEY `producto_inventario_id` (`producto_inventario_id`),
  KEY `tipo_movimiento_id` (`tipo_movimiento_id`),
  CONSTRAINT `movimiento_inventario_ibfk_1` FOREIGN KEY (`producto_inventario_id`) REFERENCES `producto_inventario` (`producto_inventario_id`) ON DELETE CASCADE ON UPDATE CASCADE,
  CONSTRAINT `movimiento_inventario_ibfk_2` FOREIGN KEY (`tipo_movimiento_id`) REFERENCES `tipo_movimiento` (`tipo_movimiento_id`) ON DELETE CASCADE ON UPDATE CASCADE
) ENGINE=InnoDB AUTO_INCREMENT=980 DEFAULT CHARSET=utf8mb4 COLLATE=utf8mb4_0900_ai_ci;
/*!40101 SET character_set_client = @saved_cs_client */;

--
-- Dumping data for table `movimiento_inventario`
--

LOCK TABLES `movimiento_inventario` WRITE;
/*!40000 ALTER TABLE `movimiento_inventario` DISABLE KEYS */;
INSERT INTO `movimiento_inventario` VALUES (966,58,4,10,'2025-06-12 00:29:33','Múltiples productos ingresados','Lote: LOTE-2023-005'),(967,59,4,10,'2025-06-12 00:29:33','Múltiples productos ingresados','Lote: LOTE-2023-007'),(975,58,5,10,'2025-06-12 15:00:54','Reposición entre sucursales','Transferencia a inventario MY0'),(976,61,4,10,'2025-06-12 15:00:54','Nuevo lote ingresado','Lote: LOTE-2023-005'),(977,61,4,10,'2025-06-12 15:00:54','Reposición entre sucursales','Transferencia desde inventario MY1'),(978,58,4,10,'2025-06-12 15:03:29','Lote: LOTE-2023-005','Múltiples productos ingresados'),(979,59,4,10,'2025-06-12 15:03:29','Lote: LOTE-2023-007','Múltiples productos ingresados');
/*!40000 ALTER TABLE `movimiento_inventario` ENABLE KEYS */;
UNLOCK TABLES;

--
-- Table structure for table `producto`
--

DROP TABLE IF EXISTS `producto`;
/*!40101 SET @saved_cs_client     = @@character_set_client */;
/*!50503 SET character_set_client = utf8mb4 */;
CREATE TABLE `producto` (
  `codigo_barras` varchar(50) NOT NULL,
  `descripcion` varchar(255) DEFAULT NULL,
  `gramaje` varchar(50) DEFAULT NULL,
  `precio_minimo` decimal(10,2) DEFAULT NULL,
  `precio_maximo` decimal(10,2) DEFAULT NULL,
  `categoria_id` int DEFAULT NULL,
  `proveedor_id` int DEFAULT NULL,
  `presentacion` varchar(50) DEFAULT NULL,
  `sustancia_activa` varchar(100) DEFAULT NULL,
  PRIMARY KEY (`codigo_barras`),
  KEY `categoria_id` (`categoria_id`),
  KEY `proveedor_id` (`proveedor_id`),
  CONSTRAINT `producto_ibfk_1` FOREIGN KEY (`categoria_id`) REFERENCES `categoria` (`categoria_id`) ON DELETE CASCADE ON UPDATE CASCADE,
  CONSTRAINT `producto_ibfk_2` FOREIGN KEY (`proveedor_id`) REFERENCES `proveedor` (`proveedor_id`) ON DELETE CASCADE ON UPDATE CASCADE
) ENGINE=InnoDB DEFAULT CHARSET=utf8mb4 COLLATE=utf8mb4_0900_ai_ci;
/*!40101 SET character_set_client = @saved_cs_client */;

--
-- Dumping data for table `producto`
--

LOCK TABLES `producto` WRITE;
/*!40000 ALTER TABLE `producto` DISABLE KEYS */;
INSERT INTO `producto` VALUES ('000001','Agua Great Value','500ml',3.50,6.00,7,5,'Agua embotellada','H2O'),('1111','Paracetamol tabletas','500',3.00,9.00,5,5,'Tabletas','tabletas'),('1112','Diclofenaco tabetas','400',2.00,8.00,5,5,'Tabletas','Tabletas'),('1113','Amoxicilina tabetas','500',5.00,10.00,5,5,'tabetas','tabetas'),('1122','Diazepam tabetas','300',4.00,9.00,5,5,'tabetas','tabetas'),('1123','Electrolit Bebida','600',8.00,12.00,5,5,'Bebida','Bebida'),('1124','Agua ciel Bebida','500',4.00,8.00,5,5,'Bebida','Bebida'),('1125','Proteina bolsa 500gr','800',12.00,34.00,7,5,'Proteina','Proteina'),('252500','Jugo del valle 500lm','500',16.50,28.00,7,8,'Bebida','H2O');
/*!40000 ALTER TABLE `producto` ENABLE KEYS */;
UNLOCK TABLES;

--
-- Table structure for table `producto_inventario`
--

DROP TABLE IF EXISTS `producto_inventario`;
/*!40101 SET @saved_cs_client     = @@character_set_client */;
/*!50503 SET character_set_client = utf8mb4 */;
CREATE TABLE `producto_inventario` (
  `producto_inventario_id` int NOT NULL AUTO_INCREMENT,
  `codigo_barras` varchar(50) DEFAULT NULL,
  `sucursal_id` varchar(10) DEFAULT NULL,
  `inventario_id` int DEFAULT NULL,
  `existencias` int DEFAULT '0',
  `fecha_ultima_actualizacion` datetime DEFAULT CURRENT_TIMESTAMP,
  `lote` varchar(45) DEFAULT NULL,
  `fecha_caducidad` datetime DEFAULT NULL,
  PRIMARY KEY (`producto_inventario_id`),
  UNIQUE KEY `uq_producto_inventario` (`codigo_barras`,`inventario_id`,`lote`),
  KEY `inventario_id` (`inventario_id`),
  KEY `producto_inventario_ibfk_3_idx` (`sucursal_id`),
  CONSTRAINT `producto_inventario_ibfk_1` FOREIGN KEY (`codigo_barras`) REFERENCES `producto` (`codigo_barras`) ON DELETE CASCADE ON UPDATE CASCADE,
  CONSTRAINT `producto_inventario_ibfk_2` FOREIGN KEY (`inventario_id`) REFERENCES `inventario` (`inventario_id`) ON DELETE CASCADE ON UPDATE CASCADE,
  CONSTRAINT `producto_inventario_ibfk_3` FOREIGN KEY (`sucursal_id`) REFERENCES `sucursal` (`sucursal_id`) ON DELETE CASCADE ON UPDATE CASCADE
) ENGINE=InnoDB AUTO_INCREMENT=62 DEFAULT CHARSET=utf8mb4 COLLATE=utf8mb4_0900_ai_ci;
/*!40101 SET character_set_client = @saved_cs_client */;

--
-- Dumping data for table `producto_inventario`
--

LOCK TABLES `producto_inventario` WRITE;
/*!40000 ALTER TABLE `producto_inventario` DISABLE KEYS */;
INSERT INTO `producto_inventario` VALUES (58,'1125','MY1',NULL,20,'2025-06-12 15:03:29','LOTE-2023-005','2024-12-30 18:00:00'),(59,'1123','MY1',NULL,30,'2025-06-12 15:03:29','LOTE-2023-007','2024-12-30 18:00:00'),(61,'1125','MY0',NULL,10,'2025-06-12 15:00:54','LOTE-2023-005','2024-12-30 18:00:00');
/*!40000 ALTER TABLE `producto_inventario` ENABLE KEYS */;
UNLOCK TABLES;

--
-- Table structure for table `proveedor`
--

DROP TABLE IF EXISTS `proveedor`;
/*!40101 SET @saved_cs_client     = @@character_set_client */;
/*!50503 SET character_set_client = utf8mb4 */;
CREATE TABLE `proveedor` (
  `proveedor_id` int NOT NULL AUTO_INCREMENT,
  `nombre` varchar(255) NOT NULL,
  `telefono` varchar(20) DEFAULT NULL,
  `email` varchar(255) DEFAULT NULL,
  `descripcion` varchar(255) DEFAULT NULL,
  PRIMARY KEY (`proveedor_id`)
) ENGINE=InnoDB AUTO_INCREMENT=9 DEFAULT CHARSET=utf8mb4 COLLATE=utf8mb4_0900_ai_ci;
/*!40101 SET character_set_client = @saved_cs_client */;

--
-- Dumping data for table `proveedor`
--

LOCK TABLES `proveedor` WRITE;
/*!40000 ALTER TABLE `proveedor` DISABLE KEYS */;
INSERT INTO `proveedor` VALUES (5,'Nadro','234','nadro@gmail.com','Nadro'),(6,'Fanasa','9512','fanasa@gmail.com','Fanasa'),(7,'Marzam','2432','marzam@gmail.com','Marzam'),(8,'Levic','9512444','levic@gmail.com','Levic');
/*!40000 ALTER TABLE `proveedor` ENABLE KEYS */;
UNLOCK TABLES;

--
-- Table structure for table `sucursal`
--

DROP TABLE IF EXISTS `sucursal`;
/*!40101 SET @saved_cs_client     = @@character_set_client */;
/*!50503 SET character_set_client = utf8mb4 */;
CREATE TABLE `sucursal` (
  `sucursal_id` varchar(10) NOT NULL,
  `nombre` varchar(255) NOT NULL,
  `direccion` varchar(255) NOT NULL,
  `fecha_creacion` datetime DEFAULT CURRENT_TIMESTAMP,
  `contraseña_sucursal` varchar(45) DEFAULT NULL,
  PRIMARY KEY (`sucursal_id`)
) ENGINE=InnoDB DEFAULT CHARSET=utf8mb4 COLLATE=utf8mb4_0900_ai_ci;
/*!40101 SET character_set_client = @saved_cs_client */;

--
-- Dumping data for table `sucursal`
--

LOCK TABLES `sucursal` WRITE;
/*!40000 ALTER TABLE `sucursal` DISABLE KEYS */;
INSERT INTO `sucursal` VALUES ('MY0','Maya 0','Maya','2025-05-15 13:24:43',NULL),('MY1','Maya 01','San Jacinto','2025-03-26 23:09:04','maya01'),('MY2','Maya 02','Forestal','2025-03-26 23:10:53','maya02'),('MY3','Maya 03','Niños héroes','2025-03-27 17:13:36','maya03');
/*!40000 ALTER TABLE `sucursal` ENABLE KEYS */;
UNLOCK TABLES;

--
-- Table structure for table `tipo_movimiento`
--

DROP TABLE IF EXISTS `tipo_movimiento`;
/*!40101 SET @saved_cs_client     = @@character_set_client */;
/*!50503 SET character_set_client = utf8mb4 */;
CREATE TABLE `tipo_movimiento` (
  `tipo_movimiento_id` int NOT NULL AUTO_INCREMENT,
  `descripcion` varchar(255) DEFAULT NULL,
  `factor` enum('Entrada','Salida','Venta','Anulación de venta','Actualizacion manual del inventario') NOT NULL,
  PRIMARY KEY (`tipo_movimiento_id`)
) ENGINE=InnoDB AUTO_INCREMENT=8 DEFAULT CHARSET=utf8mb4 COLLATE=utf8mb4_0900_ai_ci;
/*!40101 SET character_set_client = @saved_cs_client */;

--
-- Dumping data for table `tipo_movimiento`
--

LOCK TABLES `tipo_movimiento` WRITE;
/*!40000 ALTER TABLE `tipo_movimiento` DISABLE KEYS */;
INSERT INTO `tipo_movimiento` VALUES (4,'Entrada','Entrada'),(5,'Salida','Salida'),(6,'Anulación de venta','Anulación de venta'),(7,'Actualizacion manual del inventario','Actualizacion manual del inventario');
/*!40000 ALTER TABLE `tipo_movimiento` ENABLE KEYS */;
UNLOCK TABLES;

--
-- Table structure for table `usuario`
--

DROP TABLE IF EXISTS `usuario`;
/*!40101 SET @saved_cs_client     = @@character_set_client */;
/*!50503 SET character_set_client = utf8mb4 */;
CREATE TABLE `usuario` (
  `usuario_id` int NOT NULL AUTO_INCREMENT,
  `nombre` varchar(255) NOT NULL,
  `apellido` varchar(255) NOT NULL,
  `telefono` varchar(20) DEFAULT NULL,
  `email` varchar(255) DEFAULT NULL,
  `rol` enum('administrador','trabajador') NOT NULL,
  `turno` varchar(50) DEFAULT NULL,
  `fecha_ingreso` datetime DEFAULT CURRENT_TIMESTAMP,
  `usuario` varchar(45) DEFAULT NULL,
  `clave_acceso` varchar(5) NOT NULL,
  `sucursal_id` varchar(10) DEFAULT NULL,
  PRIMARY KEY (`usuario_id`),
  KEY `fk_sucursal_usuario_idx` (`sucursal_id`),
  CONSTRAINT `fk_sucursal_usuario` FOREIGN KEY (`sucursal_id`) REFERENCES `sucursal` (`sucursal_id`) ON DELETE CASCADE ON UPDATE CASCADE
) ENGINE=InnoDB AUTO_INCREMENT=13 DEFAULT CHARSET=utf8mb4 COLLATE=utf8mb4_0900_ai_ci;
/*!40101 SET character_set_client = @saved_cs_client */;

--
-- Dumping data for table `usuario`
--

LOCK TABLES `usuario` WRITE;
/*!40000 ALTER TABLE `usuario` DISABLE KEYS */;
INSERT INTO `usuario` VALUES (8,'María','Vásquez','951','mari@gmail.com','trabajador','matutino','2025-03-27 17:14:15','Mar69','maria','MY3'),(9,'Lenin','Bravo','220','lenin@gmail.com','trabajador','matutino','2025-03-27 23:02:47','Lenin','lenin','MY1'),(11,'Lenin','Bravo','220','lenin2222222@gmail.com','administrador','matutino','2025-04-12 15:00:44','Lenin2','123',NULL),(12,'Maris','Maris','341','maris@gmail.com','administrador','matutino','2025-05-01 08:06:21','Maris','123',NULL);
/*!40000 ALTER TABLE `usuario` ENABLE KEYS */;
UNLOCK TABLES;

--
-- Table structure for table `venta`
--

DROP TABLE IF EXISTS `venta`;
/*!40101 SET @saved_cs_client     = @@character_set_client */;
/*!50503 SET character_set_client = utf8mb4 */;
CREATE TABLE `venta` (
  `venta_id` varchar(20) NOT NULL,
  `sucursal_id` varchar(10) DEFAULT NULL,
  `usuario_id` int DEFAULT NULL,
  `fecha_venta` datetime DEFAULT CURRENT_TIMESTAMP,
  `total` decimal(10,2) NOT NULL,
  `total_recibido` decimal(10,2) DEFAULT NULL,
  `numero_factura` varchar(50) DEFAULT NULL,
  `anulada` tinyint(1) DEFAULT '0',
  PRIMARY KEY (`venta_id`),
  UNIQUE KEY `numero_factura` (`numero_factura`),
  KEY `sucursal_id` (`sucursal_id`),
  KEY `usuario_id` (`usuario_id`),
  CONSTRAINT `venta_ibfk_1` FOREIGN KEY (`sucursal_id`) REFERENCES `sucursal` (`sucursal_id`) ON DELETE CASCADE ON UPDATE CASCADE,
  CONSTRAINT `venta_ibfk_2` FOREIGN KEY (`usuario_id`) REFERENCES `usuario` (`usuario_id`) ON DELETE CASCADE ON UPDATE CASCADE
) ENGINE=InnoDB DEFAULT CHARSET=utf8mb4 COLLATE=utf8mb4_0900_ai_ci;
/*!40101 SET character_set_client = @saved_cs_client */;

--
-- Dumping data for table `venta`
--

LOCK TABLES `venta` WRITE;
/*!40000 ALTER TABLE `venta` DISABLE KEYS */;
INSERT INTO `venta` VALUES ('V-1743258436591','MY1',8,'2025-03-29 14:27:16',125.50,150.00,'FAC-1743258436591',0),('V-1743258519743','MY1',8,'2025-03-29 14:28:39',125.50,150.00,'FAC-1743258519743',0),('V-1743269947695','MY1',8,'2025-03-29 17:39:07',125.50,150.00,'FAC-1743269947695',0),('V-1743269981151','MY1',8,'2025-03-29 17:39:41',125.50,150.00,'FAC-1743269981151',0),('V-1743269988237','MY1',8,'2025-03-29 17:39:48',125.50,150.00,'FAC-1743269988237',0),('V-1743270128695','MY2',8,'2025-03-29 17:42:08',125.50,150.00,'FAC-1743270128695',0),('V-1743270482975','MY2',8,'2025-03-29 17:48:02',125.50,150.00,'FAC-1743270482975',0),('V-1743376590392','MY2',8,'2025-03-30 23:16:30',125.50,150.00,'FAC-1743376590392',0),('V-1743377032223','MY2',8,'2025-03-30 23:23:52',125.50,150.00,'FAC-1743377032223',0),('V-1743377044455','MY2',8,'2025-03-30 23:24:04',125.50,150.00,'FAC-1743377044455',0),('V-1743452929866','MY1',8,'2025-03-31 20:28:49',125.50,150.00,'FAC-1743452929866',0),('V-1743458255516','MY1',8,'2025-03-31 21:57:35',125.50,150.00,'FAC-1743458255516',0),('V-1743458871595','MY1',8,'2025-03-31 22:07:51',125.50,150.00,'FAC-1743458871595',1),('V-1743530276795','MY1',8,'2025-04-01 17:57:56',125.50,150.00,'FAC-1743530276795',1),('V-1743563573370','MY1',8,'2025-04-02 03:12:53',125.50,150.00,'FAC-1743563573370',1),('V-1743613982632','MY1',8,'2025-04-02 17:13:02',125.50,150.00,'FAC-1743613982632',1),('V-1744166587658','MY1',8,'2025-04-09 02:43:07',125.50,150.00,'FAC-1744166587658',0),('V-1744166587727','MY1',8,'2025-04-09 02:43:07',125.50,150.00,'FAC-1744166587727',0),('V-1744166587789','MY1',8,'2025-04-09 02:43:07',125.50,150.00,'FAC-1744166587789',0),('V-1744166588647','MY1',8,'2025-04-09 02:43:08',125.50,150.00,'FAC-1744166588647',0),('V-1744166588715','MY1',8,'2025-04-09 02:43:08',125.50,150.00,'FAC-1744166588715',0),('V-1744166588783','MY1',8,'2025-04-09 02:43:08',125.50,150.00,'FAC-1744166588783',0),('V-1744166589627','MY1',8,'2025-04-09 02:43:09',125.50,150.00,'FAC-1744166589627',0),('V-1744166589700','MY1',8,'2025-04-09 02:43:09',125.50,150.00,'FAC-1744166589700',0),('V-1744166589769','MY1',8,'2025-04-09 02:43:09',125.50,150.00,'FAC-1744166589769',0),('V-1744166590624','MY1',8,'2025-04-09 02:43:10',125.50,150.00,'FAC-1744166590624',0),('V-1744166590681','MY1',8,'2025-04-09 02:43:10',125.50,150.00,'FAC-1744166590681',0),('V-1744166590751','MY1',8,'2025-04-09 02:43:10',125.50,150.00,'FAC-1744166590751',0),('V-1744166591626','MY1',8,'2025-04-09 02:43:11',125.50,150.00,'FAC-1744166591626',0),('V-1744166591677','MY1',8,'2025-04-09 02:43:11',125.50,150.00,'FAC-1744166591677',0),('V-1744166591743','MY1',8,'2025-04-09 02:43:11',125.50,150.00,'FAC-1744166591743',0),('V-1744166592623','MY1',8,'2025-04-09 02:43:12',125.50,150.00,'FAC-1744166592623',0),('V-1744166592676','MY1',8,'2025-04-09 02:43:12',125.50,150.00,'FAC-1744166592676',0),('V-1744166592740','MY1',8,'2025-04-09 02:43:12',125.50,150.00,'FAC-1744166592740',0),('V-1744166593625','MY1',8,'2025-04-09 02:43:13',125.50,150.00,'FAC-1744166593625',0),('V-1744166593676','MY1',8,'2025-04-09 02:43:13',125.50,150.00,'FAC-1744166593676',0),('V-1744166593739','MY1',8,'2025-04-09 02:43:13',125.50,150.00,'FAC-1744166593739',0),('V-1744166594622','MY1',8,'2025-04-09 02:43:14',125.50,150.00,'FAC-1744166594622',0),('V-1744166594674','MY1',8,'2025-04-09 02:43:14',125.50,150.00,'FAC-1744166594674',0),('V-1744166594737','MY1',8,'2025-04-09 02:43:14',125.50,150.00,'FAC-1744166594737',0),('V-1744166595622','MY1',8,'2025-04-09 02:43:15',125.50,150.00,'FAC-1744166595622',0),('V-1744166595673','MY1',8,'2025-04-09 02:43:15',125.50,150.00,'FAC-1744166595673',0),('V-1744166595737','MY1',8,'2025-04-09 02:43:15',125.50,150.00,'FAC-1744166595737',0),('V-1744166596622','MY1',8,'2025-04-09 02:43:16',125.50,150.00,'FAC-1744166596622',0),('V-1744166596678','MY1',8,'2025-04-09 02:43:16',125.50,150.00,'FAC-1744166596678',0),('V-1744166596740','MY1',8,'2025-04-09 02:43:16',125.50,150.00,'FAC-1744166596740',0),('V-1744166597622','MY1',8,'2025-04-09 02:43:17',125.50,150.00,'FAC-1744166597622',0),('V-1744166597676','MY1',8,'2025-04-09 02:43:17',125.50,150.00,'FAC-1744166597676',0),('V-1744166597740','MY1',8,'2025-04-09 02:43:17',125.50,150.00,'FAC-1744166597740',0),('V-1744166598623','MY1',8,'2025-04-09 02:43:18',125.50,150.00,'FAC-1744166598623',0),('V-1744166598677','MY1',8,'2025-04-09 02:43:18',125.50,150.00,'FAC-1744166598677',0),('V-1744166598741','MY1',8,'2025-04-09 02:43:18',125.50,150.00,'FAC-1744166598741',0),('V-1744166599623','MY1',8,'2025-04-09 02:43:19',125.50,150.00,'FAC-1744166599623',0),('V-1744166599674','MY1',8,'2025-04-09 02:43:19',125.50,150.00,'FAC-1744166599674',0),('V-1744166599737','MY1',8,'2025-04-09 02:43:19',125.50,150.00,'FAC-1744166599737',0),('V-1744166600622','MY1',8,'2025-04-09 02:43:20',125.50,150.00,'FAC-1744166600622',0),('V-1744166600674','MY1',8,'2025-04-09 02:43:20',125.50,150.00,'FAC-1744166600674',0),('V-1744166600739','MY1',8,'2025-04-09 02:43:20',125.50,150.00,'FAC-1744166600739',0),('V-1744167299983','MY1',8,'2025-04-09 02:54:59',125.50,150.00,'FAC-1744167299983',0),('V-1744167300054','MY1',8,'2025-04-09 02:55:00',125.50,150.00,'FAC-1744167300054',0),('V-1744167300096','MY1',8,'2025-04-09 02:55:00',125.50,150.00,'FAC-1744167300096',0),('V-1744167300157','MY1',8,'2025-04-09 02:55:00',125.50,150.00,'FAC-1744167300157',0),('V-1744167300206','MY1',8,'2025-04-09 02:55:00',125.50,150.00,'FAC-1744167300206',0),('V-1744167300972','MY1',8,'2025-04-09 02:55:00',125.50,150.00,'FAC-1744167300972',0),('V-1744167301047','MY1',8,'2025-04-09 02:55:01',125.50,150.00,'FAC-1744167301047',0),('V-1744167301084','MY1',8,'2025-04-09 02:55:01',125.50,150.00,'FAC-1744167301084',0),('V-1744167301148','MY1',8,'2025-04-09 02:55:01',125.50,150.00,'FAC-1744167301148',0),('V-1744167301198','MY1',8,'2025-04-09 02:55:01',125.50,150.00,'FAC-1744167301198',0),('V-1744167301953','MY1',8,'2025-04-09 02:55:01',125.50,150.00,'FAC-1744167301953',0),('V-1744167302034','MY1',8,'2025-04-09 02:55:02',125.50,150.00,'FAC-1744167302034',0),('V-1744167302078','MY1',8,'2025-04-09 02:55:02',125.50,150.00,'FAC-1744167302078',0),('V-1744167302145','MY1',8,'2025-04-09 02:55:02',125.50,150.00,'FAC-1744167302145',0),('V-1744167302180','MY1',8,'2025-04-09 02:55:02',125.50,150.00,'FAC-1744167302181',0),('V-1744167302953','MY1',8,'2025-04-09 02:55:02',125.50,150.00,'FAC-1744167302953',0),('V-1744167303016','MY1',8,'2025-04-09 02:55:03',125.50,150.00,'FAC-1744167303016',0),('V-1744167303066','MY1',8,'2025-04-09 02:55:03',125.50,150.00,'FAC-1744167303066',0),('V-1744167303128','MY1',8,'2025-04-09 02:55:03',125.50,150.00,'FAC-1744167303128',0),('V-1744167303163','MY1',8,'2025-04-09 02:55:03',125.50,150.00,'FAC-1744167303163',0),('V-1744167303946','MY1',8,'2025-04-09 02:55:03',125.50,150.00,'FAC-1744167303946',0),('V-1744167303998','MY1',8,'2025-04-09 02:55:03',125.50,150.00,'FAC-1744167303998',0),('V-1744167304055','MY1',8,'2025-04-09 02:55:04',125.50,150.00,'FAC-1744167304055',0),('V-1744167304110','MY1',8,'2025-04-09 02:55:04',125.50,150.00,'FAC-1744167304110',0),('V-1744167304158','MY1',8,'2025-04-09 02:55:04',125.50,150.00,'FAC-1744167304158',0),('V-1744167304931','MY1',8,'2025-04-09 02:55:04',125.50,150.00,'FAC-1744167304931',0),('V-1744167304991','MY1',8,'2025-04-09 02:55:04',125.50,150.00,'FAC-1744167304991',0),('V-1744167305043','MY1',8,'2025-04-09 02:55:05',125.50,150.00,'FAC-1744167305043',0),('V-1744167305102','MY1',8,'2025-04-09 02:55:05',125.50,150.00,'FAC-1744167305102',0),('V-1744167305157','MY1',8,'2025-04-09 02:55:05',125.50,150.00,'FAC-1744167305157',0),('V-1744167305932','MY1',8,'2025-04-09 02:55:05',125.50,150.00,'FAC-1744167305932',0),('V-1744167305990','MY1',8,'2025-04-09 02:55:05',125.50,150.00,'FAC-1744167305990',0),('V-1744167306047','MY1',8,'2025-04-09 02:55:06',125.50,150.00,'FAC-1744167306047',0),('V-1744167306102','MY1',8,'2025-04-09 02:55:06',125.50,150.00,'FAC-1744167306102',0),('V-1744167306158','MY1',8,'2025-04-09 02:55:06',125.50,150.00,'FAC-1744167306158',0),('V-1744167306930','MY1',8,'2025-04-09 02:55:06',125.50,150.00,'FAC-1744167306930',0),('V-1744167306992','MY1',8,'2025-04-09 02:55:06',125.50,150.00,'FAC-1744167306992',0),('V-1744167307043','MY1',8,'2025-04-09 02:55:07',125.50,150.00,'FAC-1744167307043',0),('V-1744167307103','MY1',8,'2025-04-09 02:55:07',125.50,150.00,'FAC-1744167307103',0),('V-1744167307157','MY1',8,'2025-04-09 02:55:07',125.50,150.00,'FAC-1744167307157',0),('V-1744167307934','MY1',8,'2025-04-09 02:55:07',125.50,150.00,'FAC-1744167307934',0),('V-1744167307993','MY1',8,'2025-04-09 02:55:07',125.50,150.00,'FAC-1744167307993',0),('V-1744167308043','MY1',8,'2025-04-09 02:55:08',125.50,150.00,'FAC-1744167308043',0),('V-1744167308105','MY1',8,'2025-04-09 02:55:08',125.50,150.00,'FAC-1744167308105',0),('V-1744167308157','MY1',8,'2025-04-09 02:55:08',125.50,150.00,'FAC-1744167308157',0),('V-1744167308931','MY1',8,'2025-04-09 02:55:08',125.50,150.00,'FAC-1744167308931',0),('V-1744167308990','MY1',8,'2025-04-09 02:55:08',125.50,150.00,'FAC-1744167308990',0),('V-1744167309042','MY1',8,'2025-04-09 02:55:09',125.50,150.00,'FAC-1744167309042',0),('V-1744167309102','MY1',8,'2025-04-09 02:55:09',125.50,150.00,'FAC-1744167309102',0),('V-1744167309156','MY1',8,'2025-04-09 02:55:09',125.50,150.00,'FAC-1744167309156',0),('V-1744167309930','MY1',8,'2025-04-09 02:55:09',125.50,150.00,'FAC-1744167309930',0),('V-1744167309991','MY1',8,'2025-04-09 02:55:09',125.50,150.00,'FAC-1744167309991',0),('V-1744167310045','MY1',8,'2025-04-09 02:55:10',125.50,150.00,'FAC-1744167310045',0),('V-1744167310103','MY1',8,'2025-04-09 02:55:10',125.50,150.00,'FAC-1744167310103',0),('V-1744167310158','MY1',8,'2025-04-09 02:55:10',125.50,150.00,'FAC-1744167310158',0),('V-1744167310931','MY1',8,'2025-04-09 02:55:10',125.50,150.00,'FAC-1744167310931',0),('V-1744167310992','MY1',8,'2025-04-09 02:55:10',125.50,150.00,'FAC-1744167310992',0),('V-1744167311046','MY1',8,'2025-04-09 02:55:11',125.50,150.00,'FAC-1744167311047',0),('V-1744167311102','MY1',8,'2025-04-09 02:55:11',125.50,150.00,'FAC-1744167311102',0),('V-1744167311159','MY1',8,'2025-04-09 02:55:11',125.50,150.00,'FAC-1744167311159',0),('V-1744167311931','MY1',8,'2025-04-09 02:55:11',125.50,150.00,'FAC-1744167311931',0),('V-1744167311992','MY1',8,'2025-04-09 02:55:11',125.50,150.00,'FAC-1744167311992',0),('V-1744167312044','MY1',8,'2025-04-09 02:55:12',125.50,150.00,'FAC-1744167312044',0),('V-1744167312105','MY1',8,'2025-04-09 02:55:12',125.50,150.00,'FAC-1744167312105',0),('V-1744167312156','MY1',8,'2025-04-09 02:55:12',125.50,150.00,'FAC-1744167312156',0),('V-1744167312931','MY1',8,'2025-04-09 02:55:12',125.50,150.00,'FAC-1744167312931',0),('V-1744167312995','MY1',8,'2025-04-09 02:55:12',125.50,150.00,'FAC-1744167312995',0),('V-1744167313046','MY1',8,'2025-04-09 02:55:13',125.50,150.00,'FAC-1744167313046',0),('V-1744167313103','MY1',8,'2025-04-09 02:55:13',125.50,150.00,'FAC-1744167313103',0),('V-1744167313157','MY1',8,'2025-04-09 02:55:13',125.50,150.00,'FAC-1744167313157',0),('V-1744167313931','MY1',8,'2025-04-09 02:55:13',125.50,150.00,'FAC-1744167313931',0),('V-1744167313990','MY1',8,'2025-04-09 02:55:13',125.50,150.00,'FAC-1744167313990',0),('V-1744167314044','MY1',8,'2025-04-09 02:55:14',125.50,150.00,'FAC-1744167314044',0),('V-1744167314103','MY1',8,'2025-04-09 02:55:14',125.50,150.00,'FAC-1744167314103',0),('V-1744167314156','MY1',8,'2025-04-09 02:55:14',125.50,150.00,'FAC-1744167314156',0),('V-1744167314929','MY1',8,'2025-04-09 02:55:14',125.50,150.00,'FAC-1744167314929',0),('V-1744167314989','MY1',8,'2025-04-09 02:55:14',125.50,150.00,'FAC-1744167314989',0),('V-1744167315043','MY1',8,'2025-04-09 02:55:15',125.50,150.00,'FAC-1744167315043',0),('V-1744167315101','MY1',8,'2025-04-09 02:55:15',125.50,150.00,'FAC-1744167315101',0),('V-1744167315156','MY1',8,'2025-04-09 02:55:15',125.50,150.00,'FAC-1744167315156',0),('V-1744167315928','MY1',8,'2025-04-09 02:55:15',125.50,150.00,'FAC-1744167315928',0),('V-1744167315991','MY1',8,'2025-04-09 02:55:15',125.50,150.00,'FAC-1744167315991',0),('V-1744167316043','MY1',8,'2025-04-09 02:55:16',125.50,150.00,'FAC-1744167316043',0),('V-1744167316102','MY1',8,'2025-04-09 02:55:16',125.50,150.00,'FAC-1744167316102',0),('V-1744167316155','MY1',8,'2025-04-09 02:55:16',125.50,150.00,'FAC-1744167316155',0),('V-1744167316928','MY1',8,'2025-04-09 02:55:16',125.50,150.00,'FAC-1744167316928',0),('V-1744167316990','MY1',8,'2025-04-09 02:55:16',125.50,150.00,'FAC-1744167316990',0),('V-1744167317041','MY1',8,'2025-04-09 02:55:17',125.50,150.00,'FAC-1744167317041',0),('V-1744167317104','MY1',8,'2025-04-09 02:55:17',125.50,150.00,'FAC-1744167317104',0),('V-1744167317155','MY1',8,'2025-04-09 02:55:17',125.50,150.00,'FAC-1744167317155',0),('V-1744167317928','MY1',8,'2025-04-09 02:55:17',125.50,150.00,'FAC-1744167317928',0),('V-1744167317989','MY1',8,'2025-04-09 02:55:17',125.50,150.00,'FAC-1744167317989',0),('V-1744167318041','MY1',8,'2025-04-09 02:55:18',125.50,150.00,'FAC-1744167318041',0),('V-1744167318103','MY1',8,'2025-04-09 02:55:18',125.50,150.00,'FAC-1744167318103',0),('V-1744167318156','MY1',8,'2025-04-09 02:55:18',125.50,150.00,'FAC-1744167318156',0),('V-1744167318930','MY1',8,'2025-04-09 02:55:18',125.50,150.00,'FAC-1744167318930',0),('V-1744167318990','MY1',8,'2025-04-09 02:55:18',125.50,150.00,'FAC-1744167318990',0),('V-1744167319043','MY1',8,'2025-04-09 02:55:19',125.50,150.00,'FAC-1744167319043',0),('V-1744167319101','MY1',8,'2025-04-09 02:55:19',125.50,150.00,'FAC-1744167319101',0),('V-1744167319157','MY1',8,'2025-04-09 02:55:19',125.50,150.00,'FAC-1744167319157',0),('V-1744167319929','MY1',8,'2025-04-09 02:55:19',125.50,150.00,'FAC-1744167319929',0),('V-1744167319990','MY1',8,'2025-04-09 02:55:19',125.50,150.00,'FAC-1744167319990',0),('V-1744167320042','MY1',8,'2025-04-09 02:55:20',125.50,150.00,'FAC-1744167320042',0),('V-1744167320105','MY1',8,'2025-04-09 02:55:20',125.50,150.00,'FAC-1744167320105',0),('V-1744167320156','MY1',8,'2025-04-09 02:55:20',125.50,150.00,'FAC-1744167320156',0),('V-1744167320928','MY1',8,'2025-04-09 02:55:20',125.50,150.00,'FAC-1744167320928',0),('V-1744167320991','MY1',8,'2025-04-09 02:55:20',125.50,150.00,'FAC-1744167320991',0),('V-1744167321041','MY1',8,'2025-04-09 02:55:21',125.50,150.00,'FAC-1744167321041',0),('V-1744167321101','MY1',8,'2025-04-09 02:55:21',125.50,150.00,'FAC-1744167321101',0),('V-1744167321156','MY1',8,'2025-04-09 02:55:21',125.50,150.00,'FAC-1744167321156',0),('V-1744167321928','MY1',8,'2025-04-09 02:55:21',125.50,150.00,'FAC-1744167321928',0),('V-1744167321988','MY1',8,'2025-04-09 02:55:21',125.50,150.00,'FAC-1744167321988',0),('V-1744167322041','MY1',8,'2025-04-09 02:55:22',125.50,150.00,'FAC-1744167322041',0),('V-1744167322102','MY1',8,'2025-04-09 02:55:22',125.50,150.00,'FAC-1744167322102',0),('V-1744167322155','MY1',8,'2025-04-09 02:55:22',125.50,150.00,'FAC-1744167322155',0),('V-1744167322927','MY1',8,'2025-04-09 02:55:22',125.50,150.00,'FAC-1744167322927',0),('V-1744167322989','MY1',8,'2025-04-09 02:55:22',125.50,150.00,'FAC-1744167322989',0),('V-1744167323041','MY1',8,'2025-04-09 02:55:23',125.50,150.00,'FAC-1744167323041',0),('V-1744167323101','MY1',8,'2025-04-09 02:55:23',125.50,150.00,'FAC-1744167323101',0),('V-1744167323155','MY1',8,'2025-04-09 02:55:23',125.50,150.00,'FAC-1744167323155',0),('V-1744167323929','MY1',8,'2025-04-09 02:55:23',125.50,150.00,'FAC-1744167323929',0),('V-1744167323993','MY1',8,'2025-04-09 02:55:23',125.50,150.00,'FAC-1744167323993',0),('V-1744167324042','MY1',8,'2025-04-09 02:55:24',125.50,150.00,'FAC-1744167324042',0),('V-1744167324101','MY1',8,'2025-04-09 02:55:24',125.50,150.00,'FAC-1744167324101',0),('V-1744167324155','MY1',8,'2025-04-09 02:55:24',125.50,150.00,'FAC-1744167324155',0),('V-1744167324927','MY1',8,'2025-04-09 02:55:24',125.50,150.00,'FAC-1744167324927',0),('V-1744167324989','MY1',8,'2025-04-09 02:55:24',125.50,150.00,'FAC-1744167324989',0),('V-1744167325042','MY1',8,'2025-04-09 02:55:25',125.50,150.00,'FAC-1744167325042',0),('V-1744167325101','MY1',8,'2025-04-09 02:55:25',125.50,150.00,'FAC-1744167325101',0),('V-1744167325155','MY1',8,'2025-04-09 02:55:25',125.50,150.00,'FAC-1744167325155',0),('V-1744167325927','MY1',8,'2025-04-09 02:55:25',125.50,150.00,'FAC-1744167325927',0),('V-1744167325990','MY1',8,'2025-04-09 02:55:25',125.50,150.00,'FAC-1744167325990',0),('V-1744167326041','MY1',8,'2025-04-09 02:55:26',125.50,150.00,'FAC-1744167326041',0),('V-1744167326100','MY1',8,'2025-04-09 02:55:26',125.50,150.00,'FAC-1744167326100',0),('V-1744167326155','MY1',8,'2025-04-09 02:55:26',125.50,150.00,'FAC-1744167326155',0),('V-1744167326928','MY1',8,'2025-04-09 02:55:26',125.50,150.00,'FAC-1744167326928',0),('V-1744167326989','MY1',8,'2025-04-09 02:55:26',125.50,150.00,'FAC-1744167326989',0),('V-1744167327043','MY1',8,'2025-04-09 02:55:27',125.50,150.00,'FAC-1744167327043',0),('V-1744167327104','MY1',8,'2025-04-09 02:55:27',125.50,150.00,'FAC-1744167327104',0),('V-1744167327156','MY1',8,'2025-04-09 02:55:27',125.50,150.00,'FAC-1744167327156',0),('V-1744167327929','MY1',8,'2025-04-09 02:55:27',125.50,150.00,'FAC-1744167327929',0),('V-1744167327990','MY1',8,'2025-04-09 02:55:27',125.50,150.00,'FAC-1744167327990',0),('V-1744167328042','MY1',8,'2025-04-09 02:55:28',125.50,150.00,'FAC-1744167328042',0),('V-1744167328101','MY1',8,'2025-04-09 02:55:28',125.50,150.00,'FAC-1744167328101',0),('V-1744167328169','MY1',8,'2025-04-09 02:55:28',125.50,150.00,'FAC-1744167328169',0),('V-1744167328928','MY1',8,'2025-04-09 02:55:28',125.50,150.00,'FAC-1744167328928',0),('V-1744167328988','MY1',8,'2025-04-09 02:55:28',125.50,150.00,'FAC-1744167328988',0),('V-1744167329041','MY1',8,'2025-04-09 02:55:29',125.50,150.00,'FAC-1744167329041',0),('V-1744167329100','MY1',8,'2025-04-09 02:55:29',125.50,150.00,'FAC-1744167329100',0),('V-1744167329157','MY1',8,'2025-04-09 02:55:29',125.50,150.00,'FAC-1744167329157',0),('V-1744167329928','MY1',8,'2025-04-09 02:55:29',125.50,150.00,'FAC-1744167329928',0),('V-1744167329990','MY1',8,'2025-04-09 02:55:29',125.50,150.00,'FAC-1744167329990',0),('V-1744167330041','MY1',8,'2025-04-09 02:55:30',125.50,150.00,'FAC-1744167330041',0),('V-1744167330101','MY1',8,'2025-04-09 02:55:30',125.50,150.00,'FAC-1744167330101',0),('V-1744167330156','MY1',8,'2025-04-09 02:55:30',125.50,150.00,'FAC-1744167330156',0),('V-1744167330928','MY1',8,'2025-04-09 02:55:30',125.50,150.00,'FAC-1744167330928',0),('V-1744167330989','MY1',8,'2025-04-09 02:55:30',125.50,150.00,'FAC-1744167330989',0),('V-1744167331042','MY1',8,'2025-04-09 02:55:31',125.50,150.00,'FAC-1744167331042',0),('V-1744167331100','MY1',8,'2025-04-09 02:55:31',125.50,150.00,'FAC-1744167331100',0),('V-1744167331155','MY1',8,'2025-04-09 02:55:31',125.50,150.00,'FAC-1744167331155',0),('V-1744167331929','MY1',8,'2025-04-09 02:55:31',125.50,150.00,'FAC-1744167331929',0),('V-1744167331991','MY1',8,'2025-04-09 02:55:31',125.50,150.00,'FAC-1744167331991',0),('V-1744167332042','MY1',8,'2025-04-09 02:55:32',125.50,150.00,'FAC-1744167332042',0),('V-1744167332101','MY1',8,'2025-04-09 02:55:32',125.50,150.00,'FAC-1744167332101',0),('V-1744167332156','MY1',8,'2025-04-09 02:55:32',125.50,150.00,'FAC-1744167332156',0),('V-1744167332928','MY1',8,'2025-04-09 02:55:32',125.50,150.00,'FAC-1744167332928',0),('V-1744167332989','MY1',8,'2025-04-09 02:55:32',125.50,150.00,'FAC-1744167332989',0),('V-1744167333043','MY1',8,'2025-04-09 02:55:33',125.50,150.00,'FAC-1744167333043',0),('V-1744167333101','MY1',8,'2025-04-09 02:55:33',125.50,150.00,'FAC-1744167333101',0),('V-1744167333156','MY1',8,'2025-04-09 02:55:33',125.50,150.00,'FAC-1744167333156',0),('V-1744167333928','MY1',8,'2025-04-09 02:55:33',125.50,150.00,'FAC-1744167333928',0),('V-1744167333989','MY1',8,'2025-04-09 02:55:33',125.50,150.00,'FAC-1744167333989',0),('V-1744167334042','MY1',8,'2025-04-09 02:55:34',125.50,150.00,'FAC-1744167334042',0),('V-1744167334100','MY1',8,'2025-04-09 02:55:34',125.50,150.00,'FAC-1744167334100',0),('V-1744167334155','MY1',8,'2025-04-09 02:55:34',125.50,150.00,'FAC-1744167334155',0),('V-1744167334927','MY1',8,'2025-04-09 02:55:34',125.50,150.00,'FAC-1744167334927',0),('V-1744167334989','MY1',8,'2025-04-09 02:55:34',125.50,150.00,'FAC-1744167334989',0),('V-1744167335041','MY1',8,'2025-04-09 02:55:35',125.50,150.00,'FAC-1744167335041',0),('V-1744167335101','MY1',8,'2025-04-09 02:55:35',125.50,150.00,'FAC-1744167335101',0),('V-1744167335155','MY1',8,'2025-04-09 02:55:35',125.50,150.00,'FAC-1744167335155',0),('V-1744167335927','MY1',8,'2025-04-09 02:55:35',125.50,150.00,'FAC-1744167335927',0),('V-1744167335990','MY1',8,'2025-04-09 02:55:35',125.50,150.00,'FAC-1744167335990',0),('V-1744167336041','MY1',8,'2025-04-09 02:55:36',125.50,150.00,'FAC-1744167336041',0),('V-1744167336100','MY1',8,'2025-04-09 02:55:36',125.50,150.00,'FAC-1744167336100',0),('V-1744167336155','MY1',8,'2025-04-09 02:55:36',125.50,150.00,'FAC-1744167336155',0),('V-1744167336928','MY1',8,'2025-04-09 02:55:36',125.50,150.00,'FAC-1744167336928',0),('V-1744167336989','MY1',8,'2025-04-09 02:55:36',125.50,150.00,'FAC-1744167336989',0),('V-1744167337041','MY1',8,'2025-04-09 02:55:37',125.50,150.00,'FAC-1744167337041',0),('V-1744167337101','MY1',8,'2025-04-09 02:55:37',125.50,150.00,'FAC-1744167337101',0),('V-1744167337155','MY1',8,'2025-04-09 02:55:37',125.50,150.00,'FAC-1744167337155',0),('V-1744167337928','MY1',8,'2025-04-09 02:55:37',125.50,150.00,'FAC-1744167337928',0),('V-1744167337989','MY1',8,'2025-04-09 02:55:37',125.50,150.00,'FAC-1744167337989',0),('V-1744167338041','MY1',8,'2025-04-09 02:55:38',125.50,150.00,'FAC-1744167338041',0),('V-1744167338100','MY1',8,'2025-04-09 02:55:38',125.50,150.00,'FAC-1744167338100',0),('V-1744167338155','MY1',8,'2025-04-09 02:55:38',125.50,150.00,'FAC-1744167338155',0),('V-1744167338928','MY1',8,'2025-04-09 02:55:38',125.50,150.00,'FAC-1744167338928',0),('V-1744167338989','MY1',8,'2025-04-09 02:55:38',125.50,150.00,'FAC-1744167338989',0),('V-1744167339041','MY1',8,'2025-04-09 02:55:39',125.50,150.00,'FAC-1744167339041',0),('V-1744167339101','MY1',8,'2025-04-09 02:55:39',125.50,150.00,'FAC-1744167339101',0),('V-1744167339155','MY1',8,'2025-04-09 02:55:39',125.50,150.00,'FAC-1744167339155',0),('V-1744167339929','MY1',8,'2025-04-09 02:55:39',125.50,150.00,'FAC-1744167339929',0),('V-1744167339991','MY1',8,'2025-04-09 02:55:39',125.50,150.00,'FAC-1744167339991',0),('V-1744167340042','MY1',8,'2025-04-09 02:55:40',125.50,150.00,'FAC-1744167340042',0),('V-1744167340100','MY1',8,'2025-04-09 02:55:40',125.50,150.00,'FAC-1744167340100',0),('V-1744167340155','MY1',8,'2025-04-09 02:55:40',125.50,150.00,'FAC-1744167340155',0),('V-1744167340933','MY1',8,'2025-04-09 02:55:40',125.50,150.00,'FAC-1744167340933',0),('V-1744167340989','MY1',8,'2025-04-09 02:55:40',125.50,150.00,'FAC-1744167340989',0),('V-1744167341041','MY1',8,'2025-04-09 02:55:41',125.50,150.00,'FAC-1744167341041',0),('V-1744167341101','MY1',8,'2025-04-09 02:55:41',125.50,150.00,'FAC-1744167341101',0),('V-1744167341155','MY1',8,'2025-04-09 02:55:41',125.50,150.00,'FAC-1744167341155',0),('V-1744167341928','MY1',8,'2025-04-09 02:55:41',125.50,150.00,'FAC-1744167341928',0),('V-1744167341990','MY1',8,'2025-04-09 02:55:41',125.50,150.00,'FAC-1744167341990',0),('V-1744167342042','MY1',8,'2025-04-09 02:55:42',125.50,150.00,'FAC-1744167342042',0),('V-1744167342101','MY1',8,'2025-04-09 02:55:42',125.50,150.00,'FAC-1744167342101',0),('V-1744167342155','MY1',8,'2025-04-09 02:55:42',125.50,150.00,'FAC-1744167342155',0),('V-1744167342928','MY1',8,'2025-04-09 02:55:42',125.50,150.00,'FAC-1744167342928',0),('V-1744167342989','MY1',8,'2025-04-09 02:55:42',125.50,150.00,'FAC-1744167342989',0),('V-1744167343041','MY1',8,'2025-04-09 02:55:43',125.50,150.00,'FAC-1744167343041',0),('V-1744167343100','MY1',8,'2025-04-09 02:55:43',125.50,150.00,'FAC-1744167343100',0),('V-1744167343155','MY1',8,'2025-04-09 02:55:43',125.50,150.00,'FAC-1744167343155',0),('V-1744167343929','MY1',8,'2025-04-09 02:55:43',125.50,150.00,'FAC-1744167343929',0),('V-1744167343991','MY1',8,'2025-04-09 02:55:43',125.50,150.00,'FAC-1744167343991',0),('V-1744167344041','MY1',8,'2025-04-09 02:55:44',125.50,150.00,'FAC-1744167344041',0),('V-1744167344102','MY1',8,'2025-04-09 02:55:44',125.50,150.00,'FAC-1744167344102',0),('V-1744167344155','MY1',8,'2025-04-09 02:55:44',125.50,150.00,'FAC-1744167344155',0),('V-1744167344928','MY1',8,'2025-04-09 02:55:44',125.50,150.00,'FAC-1744167344928',0),('V-1744167344990','MY1',8,'2025-04-09 02:55:44',125.50,150.00,'FAC-1744167344990',0),('V-1744167345042','MY1',8,'2025-04-09 02:55:45',125.50,150.00,'FAC-1744167345042',0),('V-1744167345100','MY1',8,'2025-04-09 02:55:45',125.50,150.00,'FAC-1744167345100',0),('V-1744167345156','MY1',8,'2025-04-09 02:55:45',125.50,150.00,'FAC-1744167345156',0),('V-1744167345931','MY1',8,'2025-04-09 02:55:45',125.50,150.00,'FAC-1744167345931',0),('V-1744167345993','MY1',8,'2025-04-09 02:55:45',125.50,150.00,'FAC-1744167345993',0),('V-1744167346044','MY1',8,'2025-04-09 02:55:46',125.50,150.00,'FAC-1744167346044',0),('V-1744167346102','MY1',8,'2025-04-09 02:55:46',125.50,150.00,'FAC-1744167346102',0),('V-1744167346156','MY1',8,'2025-04-09 02:55:46',125.50,150.00,'FAC-1744167346156',0),('V-1744167346928','MY1',8,'2025-04-09 02:55:46',125.50,150.00,'FAC-1744167346928',0),('V-1744167346989','MY1',8,'2025-04-09 02:55:46',125.50,150.00,'FAC-1744167346989',0),('V-1744167347043','MY1',8,'2025-04-09 02:55:47',125.50,150.00,'FAC-1744167347043',0),('V-1744167347100','MY1',8,'2025-04-09 02:55:47',125.50,150.00,'FAC-1744167347100',0),('V-1744167347155','MY1',8,'2025-04-09 02:55:47',125.50,150.00,'FAC-1744167347155',0),('V-1744167347930','MY1',8,'2025-04-09 02:55:47',125.50,150.00,'FAC-1744167347930',0),('V-1744167347991','MY1',8,'2025-04-09 02:55:47',125.50,150.00,'FAC-1744167347991',0),('V-1744167348043','MY1',8,'2025-04-09 02:55:48',125.50,150.00,'FAC-1744167348043',0),('V-1744167348101','MY1',8,'2025-04-09 02:55:48',125.50,150.00,'FAC-1744167348101',0),('V-1744167348157','MY1',8,'2025-04-09 02:55:48',125.50,150.00,'FAC-1744167348157',0),('V-1744167348929','MY1',8,'2025-04-09 02:55:48',125.50,150.00,'FAC-1744167348929',0),('V-1744167348994','MY1',8,'2025-04-09 02:55:48',125.50,150.00,'FAC-1744167348994',0),('V-1744167349042','MY1',8,'2025-04-09 02:55:49',125.50,150.00,'FAC-1744167349042',0),('V-1744167349101','MY1',8,'2025-04-09 02:55:49',125.50,150.00,'FAC-1744167349101',0),('V-1744167349155','MY1',8,'2025-04-09 02:55:49',125.50,150.00,'FAC-1744167349155',0),('V-1744167349929','MY1',8,'2025-04-09 02:55:49',125.50,150.00,'FAC-1744167349929',0),('V-1744167349989','MY1',8,'2025-04-09 02:55:49',125.50,150.00,'FAC-1744167349989',0),('V-1744167350041','MY1',8,'2025-04-09 02:55:50',125.50,150.00,'FAC-1744167350041',0),('V-1744167350100','MY1',8,'2025-04-09 02:55:50',125.50,150.00,'FAC-1744167350100',0),('V-1744167350155','MY1',8,'2025-04-09 02:55:50',125.50,150.00,'FAC-1744167350155',0),('V-1744167350930','MY1',8,'2025-04-09 02:55:50',125.50,150.00,'FAC-1744167350930',0),('V-1744167350991','MY1',8,'2025-04-09 02:55:50',125.50,150.00,'FAC-1744167350991',0),('V-1744167351043','MY1',8,'2025-04-09 02:55:51',125.50,150.00,'FAC-1744167351043',0),('V-1744167351102','MY1',8,'2025-04-09 02:55:51',125.50,150.00,'FAC-1744167351102',0),('V-1744167351159','MY1',8,'2025-04-09 02:55:51',125.50,150.00,'FAC-1744167351159',0),('V-1744167351929','MY1',8,'2025-04-09 02:55:51',125.50,150.00,'FAC-1744167351929',0),('V-1744167351991','MY1',8,'2025-04-09 02:55:51',125.50,150.00,'FAC-1744167351991',0),('V-1744167352043','MY1',8,'2025-04-09 02:55:52',125.50,150.00,'FAC-1744167352043',0),('V-1744167352103','MY1',8,'2025-04-09 02:55:52',125.50,150.00,'FAC-1744167352103',0),('V-1744167352157','MY1',8,'2025-04-09 02:55:52',125.50,150.00,'FAC-1744167352157',0),('V-1744167352930','MY1',8,'2025-04-09 02:55:52',125.50,150.00,'FAC-1744167352930',0),('V-1744167352991','MY1',8,'2025-04-09 02:55:52',125.50,150.00,'FAC-1744167352991',0),('V-1744167353044','MY1',8,'2025-04-09 02:55:53',125.50,150.00,'FAC-1744167353044',0),('V-1744167353103','MY1',8,'2025-04-09 02:55:53',125.50,150.00,'FAC-1744167353103',0),('V-1744167353156','MY1',8,'2025-04-09 02:55:53',125.50,150.00,'FAC-1744167353156',0),('V-1744167353929','MY1',8,'2025-04-09 02:55:53',125.50,150.00,'FAC-1744167353929',0),('V-1744167353990','MY1',8,'2025-04-09 02:55:53',125.50,150.00,'FAC-1744167353990',0),('V-1744167354042','MY1',8,'2025-04-09 02:55:54',125.50,150.00,'FAC-1744167354042',0),('V-1744167354102','MY1',8,'2025-04-09 02:55:54',125.50,150.00,'FAC-1744167354102',0),('V-1744167354157','MY1',8,'2025-04-09 02:55:54',125.50,150.00,'FAC-1744167354157',0),('V-1744167354930','MY1',8,'2025-04-09 02:55:54',125.50,150.00,'FAC-1744167354930',0),('V-1744167354990','MY1',8,'2025-04-09 02:55:54',125.50,150.00,'FAC-1744167354990',0),('V-1744167355042','MY1',8,'2025-04-09 02:55:55',125.50,150.00,'FAC-1744167355042',0),('V-1744167355102','MY1',8,'2025-04-09 02:55:55',125.50,150.00,'FAC-1744167355102',0),('V-1744167355158','MY1',8,'2025-04-09 02:55:55',125.50,150.00,'FAC-1744167355158',0),('V-1744167355927','MY1',8,'2025-04-09 02:55:55',125.50,150.00,'FAC-1744167355927',0),('V-1744167355988','MY1',8,'2025-04-09 02:55:55',125.50,150.00,'FAC-1744167355989',0),('V-1744167356041','MY1',8,'2025-04-09 02:55:56',125.50,150.00,'FAC-1744167356041',0),('V-1744167356101','MY1',8,'2025-04-09 02:55:56',125.50,150.00,'FAC-1744167356101',0),('V-1744167356156','MY1',8,'2025-04-09 02:55:56',125.50,150.00,'FAC-1744167356156',0),('V-1744167356929','MY1',8,'2025-04-09 02:55:56',125.50,150.00,'FAC-1744167356929',0),('V-1744167356990','MY1',8,'2025-04-09 02:55:56',125.50,150.00,'FAC-1744167356990',0),('V-1744167357043','MY1',8,'2025-04-09 02:55:57',125.50,150.00,'FAC-1744167357043',0),('V-1744167357101','MY1',8,'2025-04-09 02:55:57',125.50,150.00,'FAC-1744167357101',0),('V-1744167357156','MY1',8,'2025-04-09 02:55:57',125.50,150.00,'FAC-1744167357156',0),('V-1744167357931','MY1',8,'2025-04-09 02:55:57',125.50,150.00,'FAC-1744167357931',0),('V-1744167357989','MY1',8,'2025-04-09 02:55:57',125.50,150.00,'FAC-1744167357989',0),('V-1744167358041','MY1',8,'2025-04-09 02:55:58',125.50,150.00,'FAC-1744167358041',0),('V-1744167358101','MY1',8,'2025-04-09 02:55:58',125.50,150.00,'FAC-1744167358101',0),('V-1744167358156','MY1',8,'2025-04-09 02:55:58',125.50,150.00,'FAC-1744167358156',0),('V-1744167358929','MY1',8,'2025-04-09 02:55:58',125.50,150.00,'FAC-1744167358929',0),('V-1744167358990','MY1',8,'2025-04-09 02:55:58',125.50,150.00,'FAC-1744167358990',0),('V-1744167359042','MY1',8,'2025-04-09 02:55:59',125.50,150.00,'FAC-1744167359042',0),('V-1744167359102','MY1',8,'2025-04-09 02:55:59',125.50,150.00,'FAC-1744167359102',0),('V-1744167359156','MY1',8,'2025-04-09 02:55:59',125.50,150.00,'FAC-1744167359156',0),('V-1744167470503','MY1',8,'2025-04-09 02:57:50',125.50,150.00,'FAC-1744167470503',0),('V-1744218769398','MY1',8,'2025-04-09 17:12:49',125.50,150.00,'FAC-1744218769398',0),('V-1744219545849','MY1',8,'2025-04-09 17:25:45',125.50,150.00,'FAC-1744219545849',0),('V-1744219547652','MY1',8,'2025-04-09 17:25:47',125.50,150.00,'FAC-1744219547652',0),('V-1744219547763','MY1',8,'2025-04-09 17:25:47',125.50,150.00,'FAC-1744219547763',0),('V-1744219547875','MY1',8,'2025-04-09 17:25:47',125.50,150.00,'FAC-1744219547875',0),('V-1744219548711','MY1',8,'2025-04-09 17:25:48',125.50,150.00,'FAC-1744219548711',0),('V-1744219549820','MY1',8,'2025-04-09 17:25:49',125.50,150.00,'FAC-1744219549820',0),('V-1744219549874','MY1',8,'2025-04-09 17:25:49',125.50,150.00,'FAC-1744219549874',0),('V-1744219552710','MY1',8,'2025-04-09 17:25:52',125.50,150.00,'FAC-1744219552710',0),('V-1744219553647','MY1',8,'2025-04-09 17:25:53',125.50,150.00,'FAC-1744219553647',0),('V-1744219554821','MY1',8,'2025-04-09 17:25:54',125.50,150.00,'FAC-1744219554821',0),('V-1744219557647','MY1',8,'2025-04-09 17:25:57',125.50,150.00,'FAC-1744219557647',0),('V-1744219557710','MY1',8,'2025-04-09 17:25:57',125.50,150.00,'FAC-1744219557710',0),('V-1744219558820','MY1',8,'2025-04-09 17:25:58',125.50,150.00,'FAC-1744219558820',0),('V-1744219559759','MY1',8,'2025-04-09 17:25:59',125.50,150.00,'FAC-1744219559759',0),('V-1744219559821','MY1',8,'2025-04-09 17:25:59',125.50,150.00,'FAC-1744219559821',0),('V-1744219560820','MY1',8,'2025-04-09 17:26:00',125.50,150.00,'FAC-1744219560820',0),('V-1744219561646','MY1',8,'2025-04-09 17:26:01',125.50,150.00,'FAC-1744219561646',0),('V-1744219561821','MY1',8,'2025-04-09 17:26:01',125.50,150.00,'FAC-1744219561821',0),('V-1744219564646','MY1',8,'2025-04-09 17:26:04',125.50,150.00,'FAC-1744219564646',0),('V-1744219564820','MY1',8,'2025-04-09 17:26:04',125.50,150.00,'FAC-1744219564820',0),('V-1744219565709','MY1',8,'2025-04-09 17:26:05',125.50,150.00,'FAC-1744219565709',0),('V-1744219566646','MY1',8,'2025-04-09 17:26:06',125.50,150.00,'FAC-1744219566646',0),('V-1744219567758','MY1',8,'2025-04-09 17:26:07',125.50,150.00,'FAC-1744219567759',0),('V-1744219567873','MY1',8,'2025-04-09 17:26:07',125.50,150.00,'FAC-1744219567873',0),('V-1744219568653','MY1',8,'2025-04-09 17:26:08',125.50,150.00,'FAC-1744219568653',0),('V-1744219568873','MY1',8,'2025-04-09 17:26:08',125.50,150.00,'FAC-1744219568873',0),('V-1744219569709','MY1',8,'2025-04-09 17:26:09',125.50,150.00,'FAC-1744219569709',0),('V-1744219573820','MY1',8,'2025-04-09 17:26:13',125.50,150.00,'FAC-1744219573820',0),('V-1744219573889','MY1',8,'2025-04-09 17:26:13',125.50,150.00,'FAC-1744219573889',0),('V-1744219575708','MY1',8,'2025-04-09 17:26:15',125.50,150.00,'FAC-1744219575708',0),('V-1744219576645','MY1',8,'2025-04-09 17:26:16',125.50,150.00,'FAC-1744219576645',0),('V-1744219576759','MY1',8,'2025-04-09 17:26:16',125.50,150.00,'FAC-1744219576759',0),('V-1744219579645','MY1',8,'2025-04-09 17:26:19',125.50,150.00,'FAC-1744219579645',0),('V-1744219579820','MY1',8,'2025-04-09 17:26:19',125.50,150.00,'FAC-1744219579820',0),('V-1744219580820','MY1',8,'2025-04-09 17:26:20',125.50,150.00,'FAC-1744219580820',0),('V-1744219581708','MY1',8,'2025-04-09 17:26:21',125.50,150.00,'FAC-1744219581708',0),('V-1744219582646','MY1',8,'2025-04-09 17:26:22',125.50,150.00,'FAC-1744219582646',0),('V-1744219583873','MY1',8,'2025-04-09 17:26:23',125.50,150.00,'FAC-1744219583873',0),('V-1744219584646','MY1',8,'2025-04-09 17:26:24',125.50,150.00,'FAC-1744219584646',0),('V-1744219584708','MY1',8,'2025-04-09 17:26:24',125.50,150.00,'FAC-1744219584708',0),('V-1744219584759','MY1',8,'2025-04-09 17:26:24',125.50,150.00,'FAC-1744219584759',0),('V-1744219585873','MY1',8,'2025-04-09 17:26:25',125.50,150.00,'FAC-1744219585873',0),('V-1744219589708','MY1',8,'2025-04-09 17:26:29',125.50,150.00,'FAC-1744219589708',0),('V-1744219589759','MY1',8,'2025-04-09 17:26:29',125.50,150.00,'FAC-1744219589759',0),('V-1744219589821','MY1',8,'2025-04-09 17:26:29',125.50,150.00,'FAC-1744219589821',0),('V-1744219591820','MY1',8,'2025-04-09 17:26:31',125.50,150.00,'FAC-1744219591820',0),('V-1744219592708','MY1',8,'2025-04-09 17:26:32',125.50,150.00,'FAC-1744219592708',0),('V-1744219592873','MY1',8,'2025-04-09 17:26:32',125.50,150.00,'FAC-1744219592873',0),('V-1744219593820','MY1',8,'2025-04-09 17:26:33',125.50,150.00,'FAC-1744219593820',0),('V-1744219594820','MY1',8,'2025-04-09 17:26:34',125.50,150.00,'FAC-1744219594820',0),('V-1744219594872','MY1',8,'2025-04-09 17:26:34',125.50,150.00,'FAC-1744219594872',0),('V-1744219596645','MY1',8,'2025-04-09 17:26:36',125.50,150.00,'FAC-1744219596645',0),('V-1744219598645','MY1',8,'2025-04-09 17:26:38',125.50,150.00,'FAC-1744219598645',0),('V-1744219598709','MY1',8,'2025-04-09 17:26:38',125.50,150.00,'FAC-1744219598709',0),('V-1744219598820','MY1',8,'2025-04-09 17:26:38',125.50,150.00,'FAC-1744219598820',0),('V-1744219599645','MY1',8,'2025-04-09 17:26:39',125.50,150.00,'FAC-1744219599645',0),('V-1744219600645','MY1',8,'2025-04-09 17:26:40',125.50,150.00,'FAC-1744219600645',0),('V-1744219600708','MY1',8,'2025-04-09 17:26:40',125.50,150.00,'FAC-1744219600708',0),('V-1744219601645','MY1',8,'2025-04-09 17:26:41',125.50,150.00,'FAC-1744219601645',0),('V-1744219602645','MY1',8,'2025-04-09 17:26:42',125.50,150.00,'FAC-1744219602645',0),('V-1744219602820','MY1',8,'2025-04-09 17:26:42',125.50,150.00,'FAC-1744219602820',0),('V-1744219602875','MY1',8,'2025-04-09 17:26:42',125.50,150.00,'FAC-1744219602875',0),('V-1744219603645','MY1',8,'2025-04-09 17:26:43',125.50,150.00,'FAC-1744219603645',0),('V-1744219603749','MY1',8,'2025-04-09 17:26:43',125.50,150.00,'FAC-1744219603749',0),('V-1744219604759','MY1',8,'2025-04-09 17:26:44',125.50,150.00,'FAC-1744219604759',0),('V-1744219604820','MY1',8,'2025-04-09 17:26:44',125.50,150.00,'FAC-1744219604820',0),('VMY0-1747592295794','MY0',12,'2025-05-18 12:18:15',15.20,20.00,'FAC-MY0-1747592295795-12',0),('VMY1-1745511122620','MY1',8,'2025-04-24 16:12:02',125.50,150.00,'FAC-MY1-1745511122620-8',0),('VMY1-1746889423644','MY1',9,'2025-05-10 09:03:43',17.10,67.00,'FAC-MY1-1746889423644-9',0),('VMY1-1746897690037','MY1',9,'2025-05-10 11:21:30',31.62,34.00,'FAC-MY1-1746897690037-9',0),('VMY1-1746897921414','MY1',9,'2025-05-10 11:25:21',31.62,43.00,'FAC-MY1-1746897921414-9',0),('VMY1-1746899090532','MY1',9,'2025-05-10 11:44:50',31.62,68.00,'FAC-MY1-1746899090532-9',0),('VMY1-1746900597014','MY1',9,'2025-05-10 12:09:57',354.20,500.00,'FAC-MY1-1746900597014-9',0),('VMY1-1747077711971','MY1',9,'2025-05-12 13:21:51',15.20,20.00,'FAC-MY1-1747077711971-9',0),('VMY1-1747330234811','MY1',9,'2025-05-15 11:30:34',8.55,50.00,'FAC-MY1-1747330234811-9',0),('VMY1-1747331033535','MY1',9,'2025-05-15 11:43:53',7.60,34.00,'FAC-MY1-1747331033535-9',0),('VMY1-1747331034358','MY1',9,'2025-05-15 11:43:54',31.62,34.00,'FAC-MY1-1747331034358-9',0),('VMY1-1747331035651','MY1',9,'2025-05-15 11:43:55',111.15,120.00,'FAC-MY1-1747331035651-9',0),('VMY1-1747331036101','MY1',9,'2025-05-15 11:43:56',22.80,50.00,'FAC-MY1-1747331036101-9',0),('VMY1-1747331443273','MY1',9,'2025-05-15 11:50:43',11.40,12.00,'FAC-MY1-1747331443273-9',0),('VMY1-1748894409470','MY1',9,'2025-06-02 14:00:09',7.60,50.00,'FAC-MY1-1748894409478-9',0),('VMY1-1748894411691','MY1',9,'2025-06-02 14:00:11',7.60,50.00,'FAC-MY1-1748894411691-9',0),('VMY1-1748894412465','MY1',9,'2025-06-02 14:00:12',7.60,50.00,'FAC-MY1-1748894412465-9',0),('VMY1-1748894590130','MY1',9,'2025-06-02 14:03:10',22.80,50.00,'FAC-MY1-1748894590130-9',0),('VMY1-1748894814648','MY1',9,'2025-06-02 14:06:54',76.00,100.00,'FAC-MY1-1748894814648-9',0),('VMY1-1748988336094','MY1',9,'2025-06-03 16:05:36',34.59,200.00,'FAC-MY1-1748988336094-9',0);
/*!40000 ALTER TABLE `venta` ENABLE KEYS */;
UNLOCK TABLES;
/*!40103 SET TIME_ZONE=@OLD_TIME_ZONE */;

/*!40101 SET SQL_MODE=@OLD_SQL_MODE */;
/*!40014 SET FOREIGN_KEY_CHECKS=@OLD_FOREIGN_KEY_CHECKS */;
/*!40014 SET UNIQUE_CHECKS=@OLD_UNIQUE_CHECKS */;
/*!40101 SET CHARACTER_SET_CLIENT=@OLD_CHARACTER_SET_CLIENT */;
/*!40101 SET CHARACTER_SET_RESULTS=@OLD_CHARACTER_SET_RESULTS */;
/*!40101 SET COLLATION_CONNECTION=@OLD_COLLATION_CONNECTION */;
/*!40111 SET SQL_NOTES=@OLD_SQL_NOTES */;

-- Dump completed on 2025-06-16 16:05:47
